textbox1,textbox21,textbox22,textbox16,textbox17,textbox14,textbox12,textbox15,textbox13,textbox199,textbox20,textbox28,textbox29,textbox3333,textbox32,textbox33345,textbox333465,textbox18
Payload Statistics by Fleet and Hauling Unit Operator,Report Created On:,12-08-2026,Parameters:,Description:,Start Shift Date:,01-07-2026,End Shift Date:,31-07-2026,Min Payload:,0,Max Payload:,99999999,Hauling Unit:,All,Crew:,All,This report contains a graph and a spreadsheet showing the payload amounts that each operator delivered for a specified time period.  This report is grouped by fleet.

PAYLOAD REPORTING_label,PAYLOAD REPORTING_Chart2_CategoryGroup_label,PAYLOAD REPORTING_Chart2_CategoryGroup_Value_Y
PAYLOAD REPORTING,,80.51515151515151515151515152
PAYLOAD REPORTING,112233,84.4750
PAYLOAD REPORTING,266798,88.31631799163179916317991632
PAYLOAD REPORTING,266808,76.893630573248407643312101911
PAYLOAD REPORTING,266814,78.038045112781954887218045113
PAYLOAD REPORTING,266909,85.99173553719008264462809917
PAYLOAD REPORTING,266910,89.5063099630996309963099631
PAYLOAD REPORTING,266954,93.96140350877192982456140351
PAYLOAD REPORTING,266958,90.72702702702702702702702703
PAYLOAD REPORTING,266975,89.19508928571428571428571429
PAYLOAD REPORTING,267008,94.24051724137931034482758621
PAYLOAD REPORTING,267019,78.747826086956521739130434783
PAYLOAD REPORTING,267023,90.18333333333333333333333333
PAYLOAD REPORTING,267031,90.47272727272727272727272727
PAYLOAD REPORTING,267061,77.147222222222222222222222222
PAYLOAD REPORTING,267065,92.05365853658536585365853659
PAYLOAD REPORTING,267105,84.32631578947368421052631579
PAYLOAD REPORTING,267125,82.69166666666666666666666667
PAYLOAD REPORTING,267126,84.77161290322580645161290323
PAYLOAD REPORTING,267137,87.76317016317016317016317016
PAYLOAD REPORTING,267151,85.91652173913043478260869565
PAYLOAD REPORTING,267159,88.72260536398467432950191571
PAYLOAD REPORTING,267166,79.012195121951219512195121951
PAYLOAD REPORTING,267170,89.97074074074074074074074074
PAYLOAD REPORTING,267173,85.30299492385786802030456853
PAYLOAD REPORTING,267194,87.85758974358974358974358974
PAYLOAD REPORTING,267210,90.08698884758364312267657993
PAYLOAD REPORTING,267216,85.7200
PAYLOAD REPORTING,267231,79.66125
PAYLOAD REPORTING,267247,87.62444444444444444444444444
PAYLOAD REPORTING,267256,82.10115384615384615384615385
PAYLOAD REPORTING,267314,88.3174358974358974358974359
PAYLOAD REPORTING,267318,69.143478260869565217391304348
PAYLOAD REPORTING,267349,77.352433862433862433862433862
PAYLOAD REPORTING,267360,83.3640
PAYLOAD REPORTING,267363,86.24688995215311004784688995
PAYLOAD REPORTING,267369,83.29615384615384615384615385
PAYLOAD REPORTING,267382,84.07123893805309734513274336
PAYLOAD REPORTING,267428,80.18601398601398601398601399
PAYLOAD REPORTING,267434,84.58538812785388127853881279
PAYLOAD REPORTING,267446,83.91031746031746031746031746
PAYLOAD REPORTING,267531,88.46144104803493449781659389
PAYLOAD REPORTING,267545,87.40279069767441860465116279
PAYLOAD REPORTING,267570,94.25616438356164383561643836
PAYLOAD REPORTING,267586,87.91265560165975103734439834
PAYLOAD REPORTING,267611,90.12755905511811023622047244
PAYLOAD REPORTING,267621,83.45666666666666666666666667
PAYLOAD REPORTING,267658,86.73012048192771084337349398
PAYLOAD REPORTING,267672,91.26593059936908517350157729
PAYLOAD REPORTING,267686,95.58894472361809045226130653
PAYLOAD REPORTING,267688,80.02907488986784140969162996
PAYLOAD REPORTING,267695,89.16754966887417218543046358
PAYLOAD REPORTING,267717,79.26276923076923076923076923
PAYLOAD REPORTING,267729,84.61516853932584269662921348
PAYLOAD REPORTING,267734,84.73238636363636363636363636
PAYLOAD REPORTING,267737,86.60615384615384615384615385
PAYLOAD REPORTING,267783,80.26414141414141414141414141
PAYLOAD REPORTING,267792,84.66336633663366336633663366
PAYLOAD REPORTING,267797,79.74736842105263157894736842
PAYLOAD REPORTING,267818,90.37559523809523809523809524
PAYLOAD REPORTING,267829,85.2782065217391304347826087
PAYLOAD REPORTING,267839,79.4474654377880184331797235
PAYLOAD REPORTING,267850,77.961883408071748878923766816
PAYLOAD REPORTING,267857,88.55333333333333333333333333
PAYLOAD REPORTING,267889,77.1879375
PAYLOAD REPORTING,267916,65.195046728971962616822429907
PAYLOAD REPORTING,267917,84.13233333333333333333333333
PAYLOAD REPORTING,267936,84.97123287671232876712328767
PAYLOAD REPORTING,267938,77.028191489361702127659574468
PAYLOAD REPORTING,267954,84.58597883597883597883597884
PAYLOAD REPORTING,267962,86.45490196078431372549019608
PAYLOAD REPORTING,267963,90.1626822157434402332361516
PAYLOAD REPORTING,267972,83.04775086505190311418685121
PAYLOAD REPORTING,268555,87.47804195804195804195804196
PAYLOAD REPORTING,268648,77.102752293577981651376146789
PAYLOAD REPORTING,268682,90.7600
PAYLOAD REPORTING,268706,92.79215686274509803921568627
PAYLOAD REPORTING,268709,93.66359649122807017543859649
PAYLOAD REPORTING,268751,93.26464788732394366197183099
PAYLOAD REPORTING,268759,74.958823529411764705882352941
PAYLOAD REPORTING,268776,84.0452380952380952380952381
PAYLOAD REPORTING,268782,85.49333333333333333333333333
PAYLOAD REPORTING,268819,91.5567934782608695652173913
PAYLOAD REPORTING,268849,84.8400
PAYLOAD REPORTING,268885,90.48806451612903225806451613
PAYLOAD REPORTING,269003,70.787012987012987012987012987
PAYLOAD REPORTING,269014,92.08793650793650793650793651
PAYLOAD REPORTING,269023,83.6143790849673202614379085
PAYLOAD REPORTING,269024,95.80670391061452513966480447
PAYLOAD REPORTING,269052,91.20085603112840466926070039
PAYLOAD REPORTING,269054,74.9250
PAYLOAD REPORTING,269061,70.121965811965811965811965812
PAYLOAD REPORTING,269067,81.6981981981981981981981982
PAYLOAD REPORTING,269070,77.673888888888888888888888889
PAYLOAD REPORTING,269106,78.004694835680751173708920188
PAYLOAD REPORTING,269107,92.53686635944700460829493088
PAYLOAD REPORTING,269114,74.9460
PAYLOAD REPORTING,269122,83.41595092024539877300613497
PAYLOAD REPORTING,269130,86.36409090909090909090909091
PAYLOAD REPORTING,269140,86.88219178082191780821917808
PAYLOAD REPORTING,269141,85.35403225806451612903225806
PAYLOAD REPORTING,269144,81.28011363636363636363636364
PAYLOAD REPORTING,269155,83.07444444444444444444444444
PAYLOAD REPORTING,269160,88.14943181818181818181818182
PAYLOAD REPORTING,269181,77.8450
PAYLOAD REPORTING,269188,89.58305970149253731343283582
PAYLOAD REPORTING,269192,85.57181208053691275167785235
PAYLOAD REPORTING,269204,94.01637931034482758620689655
PAYLOAD REPORTING,269210,81.20643776824034334763948498
PAYLOAD REPORTING,269224,92.05647239263803680981595092
PAYLOAD REPORTING,269227,85.05454545454545454545454545
PAYLOAD REPORTING,269239,83.5000
PAYLOAD REPORTING,269240,91.67231182795698924731182796
PAYLOAD REPORTING,269248,67.481271186440677966101694915
PAYLOAD REPORTING,269335,86.61980645161290322580645161
PAYLOAD REPORTING,269368,93.96666666666666666666666667
PAYLOAD REPORTING,269400,75.995833333333333333333333333
PAYLOAD REPORTING,269402,45.2925
PAYLOAD REPORTING,269406,80.47079207920792079207920792
PAYLOAD REPORTING,269409,89.26153846153846153846153846
PAYLOAD REPORTING,269413,91.77935483870967741935483871
PAYLOAD REPORTING,269418,94.45103857566765578635014837
PAYLOAD REPORTING,269434,92.421875
PAYLOAD REPORTING,269435,92.40460317460317460317460317
PAYLOAD REPORTING,269450,85.77106598984771573604060914
PAYLOAD REPORTING,269454,89.4734177215189873417721519
PAYLOAD REPORTING,269457,82.70142180094786729857819905
PAYLOAD REPORTING,269463,84.45922330097087378640776699
PAYLOAD REPORTING,269465,90.8269662921348314606741573
PAYLOAD REPORTING,269497,82.40718954248366013071895425
PAYLOAD REPORTING,269553,79.64736842105263157894736842
PAYLOAD REPORTING,269633,78.316513761467889908256880734
PAYLOAD REPORTING,269718,84.12516556291390728476821192
PAYLOAD REPORTING,269779,85.52222222222222222222222222
PAYLOAD REPORTING,269783,86.31875
PAYLOAD REPORTING,269831,83.10484848484848484848484848
PAYLOAD REPORTING,269926,40.886923076923076923076923077
PAYLOAD REPORTING,269946,82.48723404255319148936170213
PAYLOAD REPORTING,269947,87.93454545454545454545454545
PAYLOAD REPORTING,269948,84.94040404040404040404040404
PAYLOAD REPORTING,269949,79.49464285714285714285714286
PAYLOAD REPORTING,269965,86.3400
PAYLOAD REPORTING,269981,85.64868613138686131386861314
PAYLOAD REPORTING,269982,82.45459459459459459459459459
PAYLOAD REPORTING,269993,86.43970588235294117647058824
PAYLOAD REPORTING,269996,79.090322580645161290322580645
PAYLOAD REPORTING,270029,83.9165625
PAYLOAD REPORTING,270037,83.95849056603773584905660377
PAYLOAD REPORTING,270040,88.00526315789473684210526316
PAYLOAD REPORTING,270041,78.263768115942028985507246377
PAYLOAD REPORTING,270044,88.68673469387755102040816327
PAYLOAD REPORTING,270046,87.50798076923076923076923077
PAYLOAD REPORTING,270047,93.31896551724137931034482759
PAYLOAD REPORTING,270051,84.71479289940828402366863905
PAYLOAD REPORTING,270107,80.80958333333333333333333333
PAYLOAD REPORTING,270170,84.84186046511627906976744186
PAYLOAD REPORTING,270175,87.12994791666666666666666667
PAYLOAD REPORTING,270185,76.339259259259259259259259259
PAYLOAD REPORTING,270193,42.7750
PAYLOAD REPORTING,270195,83.60754716981132075471698113
PAYLOAD REPORTING,270203,93.31666666666666666666666667
PAYLOAD REPORTING,270206,85.89934640522875816993464052
PAYLOAD REPORTING,270225,88.90369318181818181818181818
PAYLOAD REPORTING,270227,87.0000
PAYLOAD REPORTING,270229,81.32169312169312169312169312
PAYLOAD REPORTING,270240,76.951034482758620689655172414
PAYLOAD REPORTING,270298,90.89116279069767441860465116
PAYLOAD REPORTING,270300,92.34897142857142857142857143
PAYLOAD REPORTING,270335,87.71992481203007518796992481
PAYLOAD REPORTING,270406,85.87890625
PAYLOAD REPORTING,270547,77.086148648648648648648648649
PAYLOAD REPORTING,270548,89.50817120622568093385214008
PAYLOAD REPORTING,270549,73.71691358024691358024691358
PAYLOAD REPORTING,270550,88.97566666666666666666666667
PAYLOAD REPORTING,270551,93.54166666666666666666666667
PAYLOAD REPORTING,270553,90.46024464831804281345565749
PAYLOAD REPORTING,270555,86.55945945945945945945945946
PAYLOAD REPORTING,270556,88.88730158730158730158730159
PAYLOAD REPORTING,270557,85.53233082706766917293233083
PAYLOAD REPORTING,270558,88.41576923076923076923076923
PAYLOAD REPORTING,270560,87.66818181818181818181818182
PAYLOAD REPORTING,270561,83.96352380952380952380952381
PAYLOAD REPORTING,270562,87.68777777777777777777777778
PAYLOAD REPORTING,270565,83.9160
PAYLOAD REPORTING,270573,80.68641975308641975308641975
PAYLOAD REPORTING,270574,67.591463414634146341463414634
PAYLOAD REPORTING,270575,78.642391304347826086956521739
PAYLOAD REPORTING,270576,85.36906077348066298342541436
PAYLOAD REPORTING,270577,85.62033898305084745762711864
PAYLOAD REPORTING,270578,82.09159663865546218487394958
PAYLOAD REPORTING,270579,83.77777777777777777777777778
PAYLOAD REPORTING,270580,75.357281553398058252427184466
PAYLOAD REPORTING,270581,79.69661016949152542372881356
PAYLOAD REPORTING,270582,86.3250
PAYLOAD REPORTING,270583,84.08421052631578947368421053
PAYLOAD REPORTING,270584,78.621428571428571428571428571
PAYLOAD REPORTING,270585,84.61812080536912751677852349
PAYLOAD REPORTING,270590,45.091904761904761904761904762
PAYLOAD REPORTING,270591,43.6050
PAYLOAD REPORTING,270593,42.006666666666666666666666667
PAYLOAD REPORTING,270594,46.365833333333333333333333333
PAYLOAD REPORTING,270596,43.4700
PAYLOAD REPORTING,270597,41.7390
PAYLOAD REPORTING,270598,42.486638655462184873949579832
PAYLOAD REPORTING,270599,41.7400
PAYLOAD REPORTING,270600,44.160357142857142857142857143
PAYLOAD REPORTING,270601,40.171818181818181818181818182
PAYLOAD REPORTING,270602,41.950909090909090909090909091
PAYLOAD REPORTING,270603,43.568333333333333333333333333
PAYLOAD REPORTING,270605,42.5925
PAYLOAD REPORTING,270606,36.0200
PAYLOAD REPORTING,270607,44.286666666666666666666666667
PAYLOAD REPORTING,270608,45.9900
PAYLOAD REPORTING,270609,39.6550
PAYLOAD REPORTING,270611,39.763333333333333333333333333
PAYLOAD REPORTING,270612,43.4944
PAYLOAD REPORTING,270614,40.9000
PAYLOAD REPORTING,270634,87.29841836734693877551020408
PAYLOAD REPORTING,270635,91.99077809798270893371757925
PAYLOAD REPORTING,270636,87.01186943620178041543026706
PAYLOAD REPORTING,270637,89.45595092024539877300613497
PAYLOAD REPORTING,270638,80.56922222222222222222222222
PAYLOAD REPORTING,270639,77.522558139534883720930232558
PAYLOAD REPORTING,270640,77.229196428571428571428571429
PAYLOAD REPORTING,270641,81.32893854748603351955307263
PAYLOAD REPORTING,270642,88.81081761006289308176100629
PAYLOAD REPORTING,270644,88.47841945288753799392097264
PAYLOAD REPORTING,270645,89.99104761904761904761904762
PAYLOAD REPORTING,270646,89.14761658031088082901554404
PAYLOAD REPORTING,270647,82.93632478632478632478632479
PAYLOAD REPORTING,270648,89.61238938053097345132743363
PAYLOAD REPORTING,270650,80.68061538461538461538461538
PAYLOAD REPORTING,270654,80.38113207547169811320754717
PAYLOAD REPORTING,270655,88.16734693877551020408163265
PAYLOAD REPORTING,270656,89.07491039426523297491039427
PAYLOAD REPORTING,270659,88.79409836065573770491803279
PAYLOAD REPORTING,270663,84.96338582677165354330708661
PAYLOAD REPORTING,270664,85.98576923076923076923076923
PAYLOAD REPORTING,270665,82.57531645569620253164556962
PAYLOAD REPORTING,270667,88.80528634361233480176211454
PAYLOAD REPORTING,270671,86.85929203539823008849557522
PAYLOAD REPORTING,270672,92.73644067796610169491525424
PAYLOAD REPORTING,270673,84.31674418604651162790697674
PAYLOAD REPORTING,270674,90.73581081081081081081081081
PAYLOAD REPORTING,270675,83.40550458715596330275229358
PAYLOAD REPORTING,270677,86.40425531914893617021276596
PAYLOAD REPORTING,270678,85.17424242424242424242424242
PAYLOAD REPORTING,270680,88.79061224489795918367346939
PAYLOAD REPORTING,270682,76.844360902255639097744360902
PAYLOAD REPORTING,270683,82.78308823529411764705882353
PAYLOAD REPORTING,270684,78.609876543209876543209876543
PAYLOAD REPORTING,270685,89.09194029850746268656716418
PAYLOAD REPORTING,270686,88.8759375
PAYLOAD REPORTING,270693,73.833333333333333333333333333
PAYLOAD REPORTING,270695,83.39279279279279279279279279
PAYLOAD REPORTING,270696,76.855603448275862068965517241
PAYLOAD REPORTING,270697,82.51447368421052631578947368
PAYLOAD REPORTING,270698,81.2079831932773109243697479
PAYLOAD REPORTING,270701,81.1978021978021978021978022
PAYLOAD REPORTING,270703,77.934482758620689655172413793
PAYLOAD REPORTING,270704,79.44313725490196078431372549
PAYLOAD REPORTING,270707,79.085276073619631901840490798
PAYLOAD REPORTING,270733,91.977593360995850622406639
PAYLOAD REPORTING,270737,92.42930107526881720430107527
PAYLOAD REPORTING,270738,92.29148351648351648351648352
PAYLOAD REPORTING,270739,79.015277777777777777777777778
PAYLOAD REPORTING,270740,78.684051724137931034482758621
PAYLOAD REPORTING,270741,93.55892857142857142857142857
PAYLOAD REPORTING,270742,84.2179141104294478527607362
PAYLOAD REPORTING,270743,76.580576923076923076923076923
PAYLOAD REPORTING,270744,92.5582040816326530612244898
PAYLOAD REPORTING,270745,92.96123893805309734513274336
PAYLOAD REPORTING,270746,92.3505
PAYLOAD REPORTING,270747,73.805113636363636363636363636
PAYLOAD REPORTING,270748,76.9760
PAYLOAD REPORTING,270749,85.67105263157894736842105263
PAYLOAD REPORTING,270750,91.68068783068783068783068783
PAYLOAD REPORTING,270751,86.85709090909090909090909091
PAYLOAD REPORTING,270752,89.15474006116207951070336391
PAYLOAD REPORTING,270753,95.6445
PAYLOAD REPORTING,270759,90.9952380952380952380952381
PAYLOAD REPORTING,270762,91.49422764227642276422764228
PAYLOAD REPORTING,270764,80.23117647058823529411764706
PAYLOAD REPORTING,270765,92.13026819923371647509578544
PAYLOAD REPORTING,270766,88.65516014234875444839857651

Textbox5,Textbox33,Textbox35,Textbox34,Textbox4,Textbox30,OPERATOR_IDENT,TRUCK_OPERATOR,Textbox80,Textbox19,Textbox31,PAYLOAD,Textbox20,Textbox32
KOMATSU HD785-7,Badge #,Operator,"Avg. Payload
(MT)",Loads,Standard Deviation,,,80.52,33,14.69,86.77,43417,13.06
KOMATSU HD785-7,Badge #,Operator,"Avg. Payload
(MT)",Loads,Standard Deviation,112233,"Support, Wenco",84.48,4,14.83,86.77,43417,13.06
KOMATSU HD785-7,Badge #,Operator,"Avg. Payload
(MT)",Loads,Standard Deviation,266798,"SINGH (266798), AJIT KR.",88.32,239,12.98,86.77,43417,13.06
KOMATSU HD785-7,Badge #,Operator,"Avg. Payload
(MT)",Loads,Standard Deviation,266808,"ANSARI (266808), MD. SABIR",76.80,146,15.94,86.77,43417,13.06
KOMATSU HD785-7,Badge #,Operator,"Avg. Payload
(MT)",Loads,Standard Deviation,266814,"HUSSAIN (266814), ARMAN",78.49,120,13.45,86.77,43417,13.06
KOMATSU HD785-7,Badge #,Operator,"Avg. Payload
(MT)",Loads,Standard Deviation,266909,"KUJUR (266909), NIRDOSH",86.34,94,13.95,86.77,43417,13.06
KOMATSU HD785-7,Badge #,Operator,"Avg. Payload
(MT)",Loads,Standard Deviation,266910,"THAKUR (266910), BINOD KR.",90.74,256,11.82,86.77,43417,13.06
KOMATSU HD785-7,Badge #,Operator,"Avg. Payload
(MT)",Loads,Standard Deviation,266954,"SINGH (266954), MADHAV",93.96,114,7.38,86.77,43417,13.06
KOMATSU HD785-7,Badge #,Operator,"Avg. Payload
(MT)",Loads,Standard Deviation,266958,"YADAV (266958), RAM NARAYAN",90.00,3,10.88,86.77,43417,13.06
KOMATSU HD785-7,Badge #,Operator,"Avg. Payload
(MT)",Loads,Standard Deviation,266975,"SINGH (266975), RAJBIR",89.20,224,10.19,86.77,43417,13.06
KOMATSU HD785-7,Badge #,Operator,"Avg. Payload
(MT)",Loads,Standard Deviation,267008,"YADAV (267008), SURENDRA",94.24,116,10.26,86.77,43417,13.06
KOMATSU HD785-7,Badge #,Operator,"Avg. Payload
(MT)",Loads,Standard Deviation,267019,"MAHTO (267019), SHOBHI",78.75,138,15.08,86.77,43417,13.06
KOMATSU HD785-7,Badge #,Operator,"Avg. Payload
(MT)",Loads,Standard Deviation,267023,"MAHTO (267023), HANS KR.",90.18,6,9.23,86.77,43417,13.06
KOMATSU HD785-7,Badge #,Operator,"Avg. Payload
(MT)",Loads,Standard Deviation,267031,"BHATTACHARYA (267031), AVIJIT",90.47,11,6.37,86.77,43417,13.06
KOMATSU HD785-7,Badge #,Operator,"Avg. Payload
(MT)",Loads,Standard Deviation,267061,"HAZAM (267061), DILIP",77.15,144,14.30,86.77,43417,13.06
KOMATSU HD785-7,Badge #,Operator,"Avg. Payload
(MT)",Loads,Standard Deviation,267065,"PASWAN (267065), BHAGIRATH",92.05,41,9.04,86.77,43417,13.06
KOMATSU HD785-7,Badge #,Operator,"Avg. Payload
(MT)",Loads,Standard Deviation,267105,"SURIN (267105), ANIL",84.33,114,11.05,86.77,43417,13.06
KOMATSU HD785-7,Badge #,Operator,"Avg. Payload
(MT)",Loads,Standard Deviation,267125,"MARANDI (267125), LOKNATH",82.69,12,16.26,86.77,43417,13.06
KOMATSU HD785-7,Badge #,Operator,"Avg. Payload
(MT)",Loads,Standard Deviation,267126,"KALA (267126), ASHOK KR.",84.77,310,11.68,86.77,43417,13.06
KOMATSU HD785-7,Badge #,Operator,"Avg. Payload
(MT)",Loads,Standard Deviation,267137,"SINGH (267137), ASHOK KR.",87.76,429,7.54,86.77,43417,13.06
KOMATSU HD785-7,Badge #,Operator,"Avg. Payload
(MT)",Loads,Standard Deviation,267151,"YADAV (267151), NIRANJAN",87.56,20,15.17,86.77,43417,13.06
KOMATSU HD785-7,Badge #,Operator,"Avg. Payload
(MT)",Loads,Standard Deviation,267159,"SULEMAN (267159), MD.",88.72,261,11.84,86.77,43417,13.06
KOMATSU HD785-7,Badge #,Operator,"Avg. Payload
(MT)",Loads,Standard Deviation,267166,"SAHU (267166), SAHDEO",73.59,32,16.59,86.77,43417,13.06
KOMATSU HD785-7,Badge #,Operator,"Avg. Payload
(MT)",Loads,Standard Deviation,267170,"SOREN (267170), TANKA DHAR",89.97,270,13.51,86.77,43417,13.06
KOMATSU HD785-7,Badge #,Operator,"Avg. Payload
(MT)",Loads,Standard Deviation,267173,"YADAV (267173), KEDAR",84.82,181,11.89,86.77,43417,13.06
KOMATSU HD785-7,Badge #,Operator,"Avg. Payload
(MT)",Loads,Standard Deviation,267194,"SINGH (267194), DHARAM NATH",88.61,189,12.31,86.77,43417,13.06
KOMATSU HD785-7,Badge #,Operator,"Avg. Payload
(MT)",Loads,Standard Deviation,267210,"SAHU (267210), BIRBAL",90.09,269,8.63,86.77,43417,13.06
KOMATSU HD785-7,Badge #,Operator,"Avg. Payload
(MT)",Loads,Standard Deviation,267216,"PRASAD (267216), SHASTRI",85.72,15,5.30,86.77,43417,13.06
KOMATSU HD785-7,Badge #,Operator,"Avg. Payload
(MT)",Loads,Standard Deviation,267231,"RANA (267231), RAMESH",80.20,61,14.03,86.77,43417,13.06
KOMATSU HD785-7,Badge #,Operator,"Avg. Payload
(MT)",Loads,Standard Deviation,267247,"PRASAD (267247), BRIJ BIHARI",87.62,135,11.17,86.77,43417,13.06
KOMATSU HD785-7,Badge #,Operator,"Avg. Payload
(MT)",Loads,Standard Deviation,267314,"GHOSAL (267314), MILAN",89.42,128,12.89,86.77,43417,13.06
KOMATSU HD785-7,Badge #,Operator,"Avg. Payload
(MT)",Loads,Standard Deviation,267318,"YADAV (267318), SHANKAR PD.",69.14,69,9.26,86.77,43417,13.06
KOMATSU HD785-7,Badge #,Operator,"Avg. Payload
(MT)",Loads,Standard Deviation,267349,"SINGH (267349), RANDHIR KUMAR",75.89,173,13.92,86.77,43417,13.06
KOMATSU HD785-7,Badge #,Operator,"Avg. Payload
(MT)",Loads,Standard Deviation,267360,"MANDAL (267360), PRAKASH KUMAR",83.36,75,12.53,86.77,43417,13.06
KOMATSU HD785-7,Badge #,Operator,"Avg. Payload
(MT)",Loads,Standard Deviation,267363,"ANSARI (267363), SHAHABUDDIN",86.25,209,10.78,86.77,43417,13.06
KOMATSU HD785-7,Badge #,Operator,"Avg. Payload
(MT)",Loads,Standard Deviation,267369,"SINGH (267369), MUKESH KR.",83.30,26,16.15,86.77,43417,13.06
KOMATSU HD785-7,Badge #,Operator,"Avg. Payload
(MT)",Loads,Standard Deviation,267382,"ANSARI (267382), SHAMSUL",84.07,226,14.12,86.77,43417,13.06
KOMATSU HD785-7,Badge #,Operator,"Avg. Payload
(MT)",Loads,Standard Deviation,267428,"YADAV (267428), MANOJ KUMAR",94.13,4,3.31,86.77,43417,13.06
KOMATSU HD785-7,Badge #,Operator,"Avg. Payload
(MT)",Loads,Standard Deviation,267434,"SINGH (267434), AJAY KUMAR",84.59,219,12.19,86.77,43417,13.06
KOMATSU HD785-7,Badge #,Operator,"Avg. Payload
(MT)",Loads,Standard Deviation,267446,"PRASAD (267446), KISHUN",83.99,185,15.57,86.77,43417,13.06
KOMATSU HD785-7,Badge #,Operator,"Avg. Payload
(MT)",Loads,Standard Deviation,267531,"MAHTO (267531), SHIV KR.",89.29,223,12.78,86.77,43417,13.06
KOMATSU HD785-7,Badge #,Operator,"Avg. Payload
(MT)",Loads,Standard Deviation,267545,"SINGH (267545), SHEO KUMAR",87.40,215,13.61,86.77,43417,13.06
KOMATSU HD785-7,Badge #,Operator,"Avg. Payload
(MT)",Loads,Standard Deviation,267570,"HUSSAIN (267570), REYASAT",94.26,73,7.28,86.77,43417,13.06
KOMATSU HD785-7,Badge #,Operator,"Avg. Payload
(MT)",Loads,Standard Deviation,267586,"CHAND (267586), SURESHWAR",87.91,482,8.62,86.77,43417,13.06
KOMATSU HD785-7,Badge #,Operator,"Avg. Payload
(MT)",Loads,Standard Deviation,267611,"SAHU (267611), VINOD KR.",90.13,254,11.25,86.77,43417,13.06
KOMATSU HD785-7,Badge #,Operator,"Avg. Payload
(MT)",Loads,Standard Deviation,267621,"GANJHOO (267621), SUKAR",84.89,86,16.14,86.77,43417,13.06
KOMATSU HD785-7,Badge #,Operator,"Avg. Payload
(MT)",Loads,Standard Deviation,267658,"MAHTO (267658), PANKAJ",86.17,154,14.03,86.77,43417,13.06
KOMATSU HD785-7,Badge #,Operator,"Avg. Payload
(MT)",Loads,Standard Deviation,267672,"YADAV (267672), RAM LAKHAN",91.27,317,8.72,86.77,43417,13.06
KOMATSU HD785-7,Badge #,Operator,"Avg. Payload
(MT)",Loads,Standard Deviation,267686,"PANDEY (267686), SANJEET KR.",95.59,199,8.02,86.77,43417,13.06
KOMATSU HD785-7,Badge #,Operator,"Avg. Payload
(MT)",Loads,Standard Deviation,267688,"KUMAR (267688), MANOJ",80.03,227,12.32,86.77,43417,13.06
KOMATSU HD785-7,Badge #,Operator,"Avg. Payload
(MT)",Loads,Standard Deviation,267695,"BAITHA (267695), MANOJ KUMAR",89.55,142,14.26,86.77,43417,13.06
KOMATSU HD785-7,Badge #,Operator,"Avg. Payload
(MT)",Loads,Standard Deviation,267717,"RAM (267717), BINESHWAR",79.26,325,13.02,86.77,43417,13.06
KOMATSU HD785-7,Badge #,Operator,"Avg. Payload
(MT)",Loads,Standard Deviation,267729,"MANJHI (267729), SRIRAM",80.95,51,13.52,86.77,43417,13.06
KOMATSU HD785-7,Badge #,Operator,"Avg. Payload
(MT)",Loads,Standard Deviation,267734,"AKHTAR (267734), AZIM",84.47,123,16.46,86.77,43417,13.06
KOMATSU HD785-7,Badge #,Operator,"Avg. Payload
(MT)",Loads,Standard Deviation,267737,"YADAV (267737), RAM KHELAWAN",86.61,195,13.10,86.77,43417,13.06
KOMATSU HD785-7,Badge #,Operator,"Avg. Payload
(MT)",Loads,Standard Deviation,267783,"GOPE (267783), SRIRAM",80.84,9,11.88,86.77,43417,13.06
KOMATSU HD785-7,Badge #,Operator,"Avg. Payload
(MT)",Loads,Standard Deviation,267792,"SINGH (267792), AYODHYA",84.66,101,12.21,86.77,43417,13.06
KOMATSU HD785-7,Badge #,Operator,"Avg. Payload
(MT)",Loads,Standard Deviation,267797,"MANJHI (267797), JHANDU",79.75,152,12.19,86.77,43417,13.06
KOMATSU HD785-7,Badge #,Operator,"Avg. Payload
(MT)",Loads,Standard Deviation,267818,"MAHTO (267818), BALESHWAR",90.38,168,13.16,86.77,43417,13.06
KOMATSU HD785-7,Badge #,Operator,"Avg. Payload
(MT)",Loads,Standard Deviation,267829,"RAM (267829), KHEM LAL",85.82,178,13.76,86.77,43417,13.06
KOMATSU HD785-7,Badge #,Operator,"Avg. Payload
(MT)",Loads,Standard Deviation,267839,"RAM (267839), MAHENDRA",79.45,217,13.28,86.77,43417,13.06
KOMATSU HD785-7,Badge #,Operator,"Avg. Payload
(MT)",Loads,Standard Deviation,267850,"MAHTO (267850), GANESH",77.96,223,14.30,86.77,43417,13.06
KOMATSU HD785-7,Badge #,Operator,"Avg. Payload
(MT)",Loads,Standard Deviation,267857,"KHAN (267857), IMTEYAZ",73.16,16,17.46,86.77,43417,13.06
KOMATSU HD785-7,Badge #,Operator,"Avg. Payload
(MT)",Loads,Standard Deviation,267889,"PRASAD (267889), RAM NARAYAN",77.04,124,12.85,86.77,43417,13.06
KOMATSU HD785-7,Badge #,Operator,"Avg. Payload
(MT)",Loads,Standard Deviation,267916,"YADAV (267916), SHRAWAN KR.",66.25,93,8.30,86.77,43417,13.06
KOMATSU HD785-7,Badge #,Operator,"Avg. Payload
(MT)",Loads,Standard Deviation,267917,"MUNDA (267917), AMARDEEP",86.52,163,13.94,86.77,43417,13.06
KOMATSU HD785-7,Badge #,Operator,"Avg. Payload
(MT)",Loads,Standard Deviation,267936,"KUMAR (267936), MANOJ",84.59,121,16.70,86.77,43417,13.06
KOMATSU HD785-7,Badge #,Operator,"Avg. Payload
(MT)",Loads,Standard Deviation,267938,"ANSARI (267938), AZIMULLAH",77.00,186,15.30,86.77,43417,13.06
KOMATSU HD785-7,Badge #,Operator,"Avg. Payload
(MT)",Loads,Standard Deviation,267954,"YADAV (267954), RAJ KR.",84.49,187,15.06,86.77,43417,13.06
KOMATSU HD785-7,Badge #,Operator,"Avg. Payload
(MT)",Loads,Standard Deviation,267962,"BHUIAN (267962), PARUN",86.45,204,13.02,86.77,43417,13.06
KOMATSU HD785-7,Badge #,Operator,"Avg. Payload
(MT)",Loads,Standard Deviation,267963,"PRASAD (267963), JAYDEEP",90.16,343,9.10,86.77,43417,13.06
KOMATSU HD785-7,Badge #,Operator,"Avg. Payload
(MT)",Loads,Standard Deviation,267972,"AHMED (267972), WASIM",83.05,289,12.13,86.77,43417,13.06
KOMATSU HD785-7,Badge #,Operator,"Avg. Payload
(MT)",Loads,Standard Deviation,268555,"HEMBROM (268555), SANJUL",92.07,234,10.17,86.77,43417,13.06
KOMATSU HD785-7,Badge #,Operator,"Avg. Payload
(MT)",Loads,Standard Deviation,268648,"THAKUR (268648), RAMESHWAR",73.10,38,13.21,86.77,43417,13.06
KOMATSU HD785-7,Badge #,Operator,"Avg. Payload
(MT)",Loads,Standard Deviation,268682,"PRASAD (268682), SRIPATI",90.76,215,10.20,86.77,43417,13.06
KOMATSU HD785-7,Badge #,Operator,"Avg. Payload
(MT)",Loads,Standard Deviation,268706,"CHOUHAN (268706), VIJAY KR.",92.79,51,9.45,86.77,43417,13.06
KOMATSU HD785-7,Badge #,Operator,"Avg. Payload
(MT)",Loads,Standard Deviation,268709,"HAQUE (268709), EKRAMUL",93.66,228,9.51,86.77,43417,13.06
KOMATSU HD785-7,Badge #,Operator,"Avg. Payload
(MT)",Loads,Standard Deviation,268751,"PRASAD (268751), PREM SAGAR",95.35,124,7.07,86.77,43417,13.06
KOMATSU HD785-7,Badge #,Operator,"Avg. Payload
(MT)",Loads,Standard Deviation,268759,"SINGH (268759), SANJAY KR.",74.96,17,9.07,86.77,43417,13.06
KOMATSU HD785-7,Badge #,Operator,"Avg. Payload
(MT)",Loads,Standard Deviation,268776,"ALAM (268776), MD. NEYAZ",84.05,126,13.62,86.77,43417,13.06
KOMATSU HD785-7,Badge #,Operator,"Avg. Payload
(MT)",Loads,Standard Deviation,268782,"MINZ (268782), ERNIUS",85.61,119,17.59,86.77,43417,13.06
KOMATSU HD785-7,Badge #,Operator,"Avg. Payload
(MT)",Loads,Standard Deviation,268819,"CHOUDHARY (268819), A K",91.56,368,9.11,86.77,43417,13.06
KOMATSU HD785-7,Badge #,Operator,"Avg. Payload
(MT)",Loads,Standard Deviation,268849,"PURTY (268849), NIRMAL ENAM",84.84,5,9.05,86.77,43417,13.06
KOMATSU HD785-7,Badge #,Operator,"Avg. Payload
(MT)",Loads,Standard Deviation,268885,"PASWAN (268885), UMESH",90.49,310,8.36,86.77,43417,13.06
KOMATSU HD785-7,Badge #,Operator,"Avg. Payload
(MT)",Loads,Standard Deviation,269003,"UDAY (269003), AJIT",70.79,154,11.47,86.77,43417,13.06
KOMATSU HD785-7,Badge #,Operator,"Avg. Payload
(MT)",Loads,Standard Deviation,269014,"YADAV (269014), JAGDISH KR.",92.16,249,8.65,86.77,43417,13.06
KOMATSU HD785-7,Badge #,Operator,"Avg. Payload
(MT)",Loads,Standard Deviation,269023,"NARAYAN (269023), JAI PRAKASH",82.36,127,18.88,86.77,43417,13.06
KOMATSU HD785-7,Badge #,Operator,"Avg. Payload
(MT)",Loads,Standard Deviation,269024,"SAGAR (269024), VIDHYA",95.81,358,8.32,86.77,43417,13.06
KOMATSU HD785-7,Badge #,Operator,"Avg. Payload
(MT)",Loads,Standard Deviation,269052,"MANJHI (269052), BIRSA",92.00,251,7.57,86.77,43417,13.06
KOMATSU HD785-7,Badge #,Operator,"Avg. Payload
(MT)",Loads,Standard Deviation,269054,"YADAV (269054), LALAN KR.",65.26,10,8.29,86.77,43417,13.06
KOMATSU HD785-7,Badge #,Operator,"Avg. Payload
(MT)",Loads,Standard Deviation,269061,"SAHU (269061), GANGA",70.05,42,8.25,86.77,43417,13.06
KOMATSU HD785-7,Badge #,Operator,"Avg. Payload
(MT)",Loads,Standard Deviation,269067,"THAKUR (269067), SUDIPTO",81.70,333,12.51,86.77,43417,13.06
KOMATSU HD785-7,Badge #,Operator,"Avg. Payload
(MT)",Loads,Standard Deviation,269070,"KHAN (269070), DAULAT",77.67,180,14.27,86.77,43417,13.06
KOMATSU HD785-7,Badge #,Operator,"Avg. Payload
(MT)",Loads,Standard Deviation,269106,"KUMAR (269106), DILIP",77.66,199,13.88,86.77,43417,13.06
KOMATSU HD785-7,Badge #,Operator,"Avg. Payload
(MT)",Loads,Standard Deviation,269107,"SINGH (269107), C B",92.54,217,10.00,86.77,43417,13.06
KOMATSU HD785-7,Badge #,Operator,"Avg. Payload
(MT)",Loads,Standard Deviation,269114,"SINGH (269114), ABHAY KR.",74.95,150,14.81,86.77,43417,13.06
KOMATSU HD785-7,Badge #,Operator,"Avg. Payload
(MT)",Loads,Standard Deviation,269122,"ANSARI (269122), RUSTAM",83.05,153,14.07,86.77,43417,13.06
KOMATSU HD785-7,Badge #,Operator,"Avg. Payload
(MT)",Loads,Standard Deviation,269130,"YADAV (269130), DHANESH",86.36,220,12.56,86.77,43417,13.06
KOMATSU HD785-7,Badge #,Operator,"Avg. Payload
(MT)",Loads,Standard Deviation,269140,"SINHA (269140), MANOJ KUMAR",86.88,219,13.45,86.77,43417,13.06
KOMATSU HD785-7,Badge #,Operator,"Avg. Payload
(MT)",Loads,Standard Deviation,269141,"RAM (269141), GANGA",84.85,95,15.76,86.77,43417,13.06
KOMATSU HD785-7,Badge #,Operator,"Avg. Payload
(MT)",Loads,Standard Deviation,269144,"HUSSAIN (269144), MD. EJAZ",81.62,166,14.94,86.77,43417,13.06
KOMATSU HD785-7,Badge #,Operator,"Avg. Payload
(MT)",Loads,Standard Deviation,269155,"(269155), PARDESHI",81.33,126,18.73,86.77,43417,13.06
KOMATSU HD785-7,Badge #,Operator,"Avg. Payload
(MT)",Loads,Standard Deviation,269160,"HARI (269160), GOPAL",87.24,146,14.43,86.77,43417,13.06
KOMATSU HD785-7,Badge #,Operator,"Avg. Payload
(MT)",Loads,Standard Deviation,269181,"ANSARY (269181), MD. MUSLIM",77.85,140,11.72,86.77,43417,13.06
KOMATSU HD785-7,Badge #,Operator,"Avg. Payload
(MT)",Loads,Standard Deviation,269188,"BIRUA (269188), SURENDRA NATH",90.30,262,9.79,86.77,43417,13.06
KOMATSU HD785-7,Badge #,Operator,"Avg. Payload
(MT)",Loads,Standard Deviation,269192,"AHMED (269192), MD. JAMAL",93.38,4,13.58,86.77,43417,13.06
KOMATSU HD785-7,Badge #,Operator,"Avg. Payload
(MT)",Loads,Standard Deviation,269204,"NARAYAN (269204), SURAJ",94.02,464,8.17,86.77,43417,13.06
KOMATSU HD785-7,Badge #,Operator,"Avg. Payload
(MT)",Loads,Standard Deviation,269210,"SINGH (269210), SANJAY KUMAR",81.21,233,12.14,86.77,43417,13.06
KOMATSU HD785-7,Badge #,Operator,"Avg. Payload
(MT)",Loads,Standard Deviation,269224,"CHATTAR (269224), SHASHI KANT",92.09,315,10.49,86.77,43417,13.06
KOMATSU HD785-7,Badge #,Operator,"Avg. Payload
(MT)",Loads,Standard Deviation,269227,"BHAGAT (269227), KRISHNA",86.43,102,13.18,86.77,43417,13.06
KOMATSU HD785-7,Badge #,Operator,"Avg. Payload
(MT)",Loads,Standard Deviation,269239,"GANJHOO (269239), NAGESHWAR",84.74,156,15.84,86.77,43417,13.06
KOMATSU HD785-7,Badge #,Operator,"Avg. Payload
(MT)",Loads,Standard Deviation,269240,"MAHTO (269240), CHAMTU",91.67,372,10.25,86.77,43417,13.06
KOMATSU HD785-7,Badge #,Operator,"Avg. Payload
(MT)",Loads,Standard Deviation,269248,"KUMAR (269248), DHARMENDRA",68.26,96,9.87,86.77,43417,13.06
KOMATSU HD785-7,Badge #,Operator,"Avg. Payload
(MT)",Loads,Standard Deviation,269335,"PRASAD (269335), SANOJ",86.72,154,12.71,86.77,43417,13.06
KOMATSU HD785-7,Badge #,Operator,"Avg. Payload
(MT)",Loads,Standard Deviation,269368,"RAJAK (269368), PURNENDU",93.97,42,10.03,86.77,43417,13.06
KOMATSU HD785-7,Badge #,Operator,"Avg. Payload
(MT)",Loads,Standard Deviation,269406,"RAM (269406), BIRBAL",79.98,192,13.00,86.77,43417,13.06
KOMATSU HD785-7,Badge #,Operator,"Avg. Payload
(MT)",Loads,Standard Deviation,269409,"HEMBROM (269409), SUNIL KR.",89.26,13,12.36,86.77,43417,13.06
KOMATSU HD785-7,Badge #,Operator,"Avg. Payload
(MT)",Loads,Standard Deviation,269413,"BESRA (269413), LAL DEV",91.78,155,8.66,86.77,43417,13.06
KOMATSU HD785-7,Badge #,Operator,"Avg. Payload
(MT)",Loads,Standard Deviation,269418,"PRASAD (269418), SITARAM",94.45,337,8.90,86.77,43417,13.06
KOMATSU HD785-7,Badge #,Operator,"Avg. Payload
(MT)",Loads,Standard Deviation,269434,"SAO (269434), YAMUNA",92.42,160,10.23,86.77,43417,13.06
KOMATSU HD785-7,Badge #,Operator,"Avg. Payload
(MT)",Loads,Standard Deviation,269435,"SAW (269435), BIBHUTI",92.78,242,10.01,86.77,43417,13.06
KOMATSU HD785-7,Badge #,Operator,"Avg. Payload
(MT)",Loads,Standard Deviation,269450,"KUMAR (269450), BINAY",85.77,197,11.97,86.77,43417,13.06
KOMATSU HD785-7,Badge #,Operator,"Avg. Payload
(MT)",Loads,Standard Deviation,269454,"ALAM (269454), MD. MANSOOR",89.47,79,8.41,86.77,43417,13.06
KOMATSU HD785-7,Badge #,Operator,"Avg. Payload
(MT)",Loads,Standard Deviation,269457,"SAHU (269457), CHHOTAN",83.57,188,12.58,86.77,43417,13.06
KOMATSU HD785-7,Badge #,Operator,"Avg. Payload
(MT)",Loads,Standard Deviation,269463,"HAKIM (269463), MD.",85.93,84,13.82,86.77,43417,13.06
KOMATSU HD785-7,Badge #,Operator,"Avg. Payload
(MT)",Loads,Standard Deviation,269465,"KARMALI (269465), BHUNESHWAR",90.83,356,9.31,86.77,43417,13.06
KOMATSU HD785-7,Badge #,Operator,"Avg. Payload
(MT)",Loads,Standard Deviation,269497,"SAW (269497), MISHRI",85.31,122,9.74,86.77,43417,13.06
KOMATSU HD785-7,Badge #,Operator,"Avg. Payload
(MT)",Loads,Standard Deviation,269553,"PRASAD (269553), BIPIN BIHARI",81.00,47,13.87,86.77,43417,13.06
KOMATSU HD785-7,Badge #,Operator,"Avg. Payload
(MT)",Loads,Standard Deviation,269633,"PRASAD (269633), DEEPAK",78.26,58,12.65,86.77,43417,13.06
KOMATSU HD785-7,Badge #,Operator,"Avg. Payload
(MT)",Loads,Standard Deviation,269718,"ANSARI (269718), MD. FAROOQUE",84.13,151,14.22,86.77,43417,13.06
KOMATSU HD785-7,Badge #,Operator,"Avg. Payload
(MT)",Loads,Standard Deviation,269779,"BESRA (269779), FAGU",85.41,207,12.03,86.77,43417,13.06
KOMATSU HD785-7,Badge #,Operator,"Avg. Payload
(MT)",Loads,Standard Deviation,269783,"KUMAR (269783), SAMARJEET",86.32,128,12.34,86.77,43417,13.06
KOMATSU HD785-7,Badge #,Operator,"Avg. Payload
(MT)",Loads,Standard Deviation,269831,"HODA (269831), EMAMUL",81.73,86,16.00,86.77,43417,13.06
KOMATSU HD785-7,Badge #,Operator,"Avg. Payload
(MT)",Loads,Standard Deviation,269946,"RAJAK (269946), RAKESH KUMAR",82.63,131,16.91,86.77,43417,13.06
KOMATSU HD785-7,Badge #,Operator,"Avg. Payload
(MT)",Loads,Standard Deviation,269947,"SINGH (269947), BIKKY KUMAR",87.93,110,11.03,86.77,43417,13.06
KOMATSU HD785-7,Badge #,Operator,"Avg. Payload
(MT)",Loads,Standard Deviation,269948,"KUMAR (269948), ANUP",85.64,50,12.53,86.77,43417,13.06
KOMATSU HD785-7,Badge #,Operator,"Avg. Payload
(MT)",Loads,Standard Deviation,269949,"VISHWAKARMA (269949), SANJEET",79.49,56,16.55,86.77,43417,13.06
KOMATSU HD785-7,Badge #,Operator,"Avg. Payload
(MT)",Loads,Standard Deviation,269965,"KUMAR (269965), ASHISH",89.25,57,13.73,86.77,43417,13.06
KOMATSU HD785-7,Badge #,Operator,"Avg. Payload
(MT)",Loads,Standard Deviation,269981,"KUMAR (269981), JITENDRA",88.21,126,15.44,86.77,43417,13.06
KOMATSU HD785-7,Badge #,Operator,"Avg. Payload
(MT)",Loads,Standard Deviation,269982,"KUMAR (269982), ROHIT",82.45,185,13.17,86.77,43417,13.06
KOMATSU HD785-7,Badge #,Operator,"Avg. Payload
(MT)",Loads,Standard Deviation,269993,"AKHTAR (269993), SHOAIB",86.45,156,15.17,86.77,43417,13.06
KOMATSU HD785-7,Badge #,Operator,"Avg. Payload
(MT)",Loads,Standard Deviation,269996,"ANSARI (269996), MD. ILIYAS",81.11,101,11.89,86.77,43417,13.06
KOMATSU HD785-7,Badge #,Operator,"Avg. Payload
(MT)",Loads,Standard Deviation,270029,"ANSARI (270029), MD. JUBAIR",85.05,109,15.00,86.77,43417,13.06
KOMATSU HD785-7,Badge #,Operator,"Avg. Payload
(MT)",Loads,Standard Deviation,270037,"ANSARI (270037), AMIR",83.51,133,11.96,86.77,43417,13.06
KOMATSU HD785-7,Badge #,Operator,"Avg. Payload
(MT)",Loads,Standard Deviation,270040,"ANSARI (270040), RAHMAT",88.01,209,10.12,86.77,43417,13.06
KOMATSU HD785-7,Badge #,Operator,"Avg. Payload
(MT)",Loads,Standard Deviation,270041,"ALI (270041), ANWAR",78.26,138,13.09,86.77,43417,13.06
KOMATSU HD785-7,Badge #,Operator,"Avg. Payload
(MT)",Loads,Standard Deviation,270044,"ALAM (270044), KHURSID",88.69,196,12.00,86.77,43417,13.06
KOMATSU HD785-7,Badge #,Operator,"Avg. Payload
(MT)",Loads,Standard Deviation,270046,"KUMAR (270046), SANDEEP",90.04,182,11.29,86.77,43417,13.06
KOMATSU HD785-7,Badge #,Operator,"Avg. Payload
(MT)",Loads,Standard Deviation,270047,"KUMAR (270047), UPENDRA",93.32,290,9.04,86.77,43417,13.06
KOMATSU HD785-7,Badge #,Operator,"Avg. Payload
(MT)",Loads,Standard Deviation,270051,"MANJHI (270051), BINOD",84.39,154,13.09,86.77,43417,13.06
KOMATSU HD785-7,Badge #,Operator,"Avg. Payload
(MT)",Loads,Standard Deviation,270107,"HANSDA (270107), BIRSA",80.81,240,12.07,86.77,43417,13.06
KOMATSU HD785-7,Badge #,Operator,"Avg. Payload
(MT)",Loads,Standard Deviation,270170,"KUMAR (270170), VIJAY",84.84,172,11.57,86.77,43417,13.06
KOMATSU HD785-7,Badge #,Operator,"Avg. Payload
(MT)",Loads,Standard Deviation,270175,"CHOUDHARY (270175), AJAY KR.",87.58,169,11.75,86.77,43417,13.06
KOMATSU HD785-7,Badge #,Operator,"Avg. Payload
(MT)",Loads,Standard Deviation,270185,"SINGH (270185), UJJAWAL KUMAR",76.34,135,11.93,86.77,43417,13.06
KOMATSU HD785-7,Badge #,Operator,"Avg. Payload
(MT)",Loads,Standard Deviation,270195,"RASHID (270195), MD. CHAND",83.61,159,12.83,86.77,43417,13.06
KOMATSU HD785-7,Badge #,Operator,"Avg. Payload
(MT)",Loads,Standard Deviation,270203,"PRASAD (270203), GOURI SHANKAR",93.32,6,8.95,86.77,43417,13.06
KOMATSU HD785-7,Badge #,Operator,"Avg. Payload
(MT)",Loads,Standard Deviation,270206,"KUMAR (270206), RAVI",85.90,153,10.64,86.77,43417,13.06
KOMATSU HD785-7,Badge #,Operator,"Avg. Payload
(MT)",Loads,Standard Deviation,270225,"KUMAR (270225), RAJU",89.85,133,10.73,86.77,43417,13.06
KOMATSU HD785-7,Badge #,Operator,"Avg. Payload
(MT)",Loads,Standard Deviation,270227,"KUMAR (270227), RAJAT",87.52,305,11.00,86.77,43417,13.06
KOMATSU HD785-7,Badge #,Operator,"Avg. Payload
(MT)",Loads,Standard Deviation,270229,"SINGH (270229), RAM",81.23,183,13.17,86.77,43417,13.06
KOMATSU HD785-7,Badge #,Operator,"Avg. Payload
(MT)",Loads,Standard Deviation,270240,"PASWAN (270240), AJIT KUMAR",76.27,136,13.63,86.77,43417,13.06
KOMATSU HD785-7,Badge #,Operator,"Avg. Payload
(MT)",Loads,Standard Deviation,270298,"SINGH (270298), SAMEER",90.89,215,11.49,86.77,43417,13.06
KOMATSU HD785-7,Badge #,Operator,"Avg. Payload
(MT)",Loads,Standard Deviation,270300,"RAM (270300), ROHIT KR.",93.69,167,7.92,86.77,43417,13.06
KOMATSU HD785-7,Badge #,Operator,"Avg. Payload
(MT)",Loads,Standard Deviation,270335,"PRASAD (270335), ADITYA",87.72,266,12.11,86.77,43417,13.06
KOMATSU HD785-7,Badge #,Operator,"Avg. Payload
(MT)",Loads,Standard Deviation,270406,"KUMAR (270406), SIDHARTH",86.88,103,14.84,86.77,43417,13.06
KOMATSU HD785-7,Badge #,Operator,"Avg. Payload
(MT)",Loads,Standard Deviation,270547,"SHARMA (270547), RAKHI",81.07,70,11.02,86.77,43417,13.06
KOMATSU HD785-7,Badge #,Operator,"Avg. Payload
(MT)",Loads,Standard Deviation,270548,"KUMARI (270548), KANISHKA",89.51,257,10.50,86.77,43417,13.06
KOMATSU HD785-7,Badge #,Operator,"Avg. Payload
(MT)",Loads,Standard Deviation,270549,"KUMARI (270549), RINKI",75.04,73,13.98,86.77,43417,13.06
KOMATSU HD785-7,Badge #,Operator,"Avg. Payload
(MT)",Loads,Standard Deviation,270550,"KUMARI (270550), REENA",90.23,169,9.98,86.77,43417,13.06
KOMATSU HD785-7,Badge #,Operator,"Avg. Payload
(MT)",Loads,Standard Deviation,270551,"KUMARI (270551), POONAM",93.54,12,5.84,86.77,43417,13.06
KOMATSU HD785-7,Badge #,Operator,"Avg. Payload
(MT)",Loads,Standard Deviation,270553,"KUMARI (270553), LAKSHMI",90.46,327,8.74,86.77,43417,13.06
KOMATSU HD785-7,Badge #,Operator,"Avg. Payload
(MT)",Loads,Standard Deviation,270555,"SINGH (270555), PUJA KUMARI",86.56,37,14.98,86.77,43417,13.06
KOMATSU HD785-7,Badge #,Operator,"Avg. Payload
(MT)",Loads,Standard Deviation,270556,"PANDEY (270556), NILAM",88.89,63,12.07,86.77,43417,13.06
KOMATSU HD785-7,Badge #,Operator,"Avg. Payload
(MT)",Loads,Standard Deviation,270557,"KUMARI (270557), BOBBY",85.53,133,14.11,86.77,43417,13.06
KOMATSU HD785-7,Badge #,Operator,"Avg. Payload
(MT)",Loads,Standard Deviation,270558,"MANDAL (270558), SUSHMITA",88.42,260,12.12,86.77,43417,13.06
KOMATSU HD785-7,Badge #,Operator,"Avg. Payload
(MT)",Loads,Standard Deviation,270560,"KUMARI (270560), DEEPIKA",87.67,22,8.90,86.77,43417,13.06
KOMATSU HD785-7,Badge #,Operator,"Avg. Payload
(MT)",Loads,Standard Deviation,270561,"KUMARI (270561), CHANDNI",88.26,65,11.43,86.77,43417,13.06
KOMATSU HD785-7,Badge #,Operator,"Avg. Payload
(MT)",Loads,Standard Deviation,270562,"KUMARI (270562), NIRMALA",87.43,210,11.89,86.77,43417,13.06
KOMATSU HD785-7,Badge #,Operator,"Avg. Payload
(MT)",Loads,Standard Deviation,270565,"PRAVEEN (270565), NAZIYA",83.92,25,12.50,86.77,43417,13.06
KOMATSU HD785-7,Badge #,Operator,"Avg. Payload
(MT)",Loads,Standard Deviation,270573,"SUNDI (270573), FRANCIS",80.05,13,12.53,86.77,43417,13.06
KOMATSU HD785-7,Badge #,Operator,"Avg. Payload
(MT)",Loads,Standard Deviation,270575,"DHAR (270575), RUDRANEEL",81.74,51,14.56,86.77,43417,13.06
KOMATSU HD785-7,Badge #,Operator,"Avg. Payload
(MT)",Loads,Standard Deviation,270576,"SINGH (270576), SUNNY",84.64,145,14.02,86.77,43417,13.06
KOMATSU HD785-7,Badge #,Operator,"Avg. Payload
(MT)",Loads,Standard Deviation,270577,"GOPE (270577), ANIT KUMAR",86.07,134,15.61,86.77,43417,13.06
KOMATSU HD785-7,Badge #,Operator,"Avg. Payload
(MT)",Loads,Standard Deviation,270578,"CHAKRABORTY (270578), RIDDHI",82.09,119,14.44,86.77,43417,13.06
KOMATSU HD785-7,Badge #,Operator,"Avg. Payload
(MT)",Loads,Standard Deviation,270579,"SINGH (270579), ANANDI",83.78,54,13.44,86.77,43417,13.06
KOMATSU HD785-7,Badge #,Operator,"Avg. Payload
(MT)",Loads,Standard Deviation,270580,"NATH (270580), AENE",75.36,206,14.23,86.77,43417,13.06
KOMATSU HD785-7,Badge #,Operator,"Avg. Payload
(MT)",Loads,Standard Deviation,270581,"(270581), NISHU",79.70,177,13.26,86.77,43417,13.06
KOMATSU HD785-7,Badge #,Operator,"Avg. Payload
(MT)",Loads,Standard Deviation,270582,"BISWAS (270582), SOUMYOSISH",87.20,72,11.89,86.77,43417,13.06
KOMATSU HD785-7,Badge #,Operator,"Avg. Payload
(MT)",Loads,Standard Deviation,270584,"(270584), SANDHYA",66.51,7,18.53,86.77,43417,13.06
KOMATSU HD785-7,Badge #,Operator,"Avg. Payload
(MT)",Loads,Standard Deviation,270585,"KUMARI (270585), SANGITA",86.11,87,14.88,86.77,43417,13.06
KOMATSU HD785-7,Badge #,Operator,"Avg. Payload
(MT)",Loads,Standard Deviation,270634,"KUMAR (270634), DURGESH",88.84,176,12.11,86.77,43417,13.06
KOMATSU HD785-7,Badge #,Operator,"Avg. Payload
(MT)",Loads,Standard Deviation,270635,"KUMAR (270635), AVINASH",91.99,347,8.88,86.77,43417,13.06
KOMATSU HD785-7,Badge #,Operator,"Avg. Payload
(MT)",Loads,Standard Deviation,270636,"KUMAR (270636), RAHUL",87.01,337,10.80,86.77,43417,13.06
KOMATSU HD785-7,Badge #,Operator,"Avg. Payload
(MT)",Loads,Standard Deviation,270637,"KUMAR (270637), SURAJ",90.28,143,13.96,86.77,43417,13.06
KOMATSU HD785-7,Badge #,Operator,"Avg. Payload
(MT)",Loads,Standard Deviation,270638,"BHARDWAJ (270638), AKASH",82.87,151,14.27,86.77,43417,13.06
KOMATSU HD785-7,Badge #,Operator,"Avg. Payload
(MT)",Loads,Standard Deviation,270639,"RANA (270639), MURARI",84.17,87,15.20,86.77,43417,13.06
KOMATSU HD785-7,Badge #,Operator,"Avg. Payload
(MT)",Loads,Standard Deviation,270640,"ANSARI (270640), ARMAN",75.96,101,14.51,86.77,43417,13.06
KOMATSU HD785-7,Badge #,Operator,"Avg. Payload
(MT)",Loads,Standard Deviation,270641,"ALAM (270641), MD. AFTAB",82.28,90,16.22,86.77,43417,13.06
KOMATSU HD785-7,Badge #,Operator,"Avg. Payload
(MT)",Loads,Standard Deviation,270642,"PANDEY (270642), RUPAK KR.",90.57,149,12.12,86.77,43417,13.06
KOMATSU HD785-7,Badge #,Operator,"Avg. Payload
(MT)",Loads,Standard Deviation,270644,"CHOUDHARY (270644), SUBHAM",88.48,329,11.25,86.77,43417,13.06
KOMATSU HD785-7,Badge #,Operator,"Avg. Payload
(MT)",Loads,Standard Deviation,270645,"BHARADWAJ (270645), VIKASH",91.74,193,11.74,86.77,43417,13.06
KOMATSU HD785-7,Badge #,Operator,"Avg. Payload
(MT)",Loads,Standard Deviation,270646,"MAHTO (270646), NAVEEN KR.",89.33,192,13.53,86.77,43417,13.06
KOMATSU HD785-7,Badge #,Operator,"Avg. Payload
(MT)",Loads,Standard Deviation,270647,"KUMAR (270647), PRAVIN",82.94,234,16.73,86.77,43417,13.06
KOMATSU HD785-7,Badge #,Operator,"Avg. Payload
(MT)",Loads,Standard Deviation,270648,"KUMARI (270648), PREM LATA",89.61,339,10.69,86.77,43417,13.06
KOMATSU HD785-7,Badge #,Operator,"Avg. Payload
(MT)",Loads,Standard Deviation,270654,"KUMARI (270654), ARTI",80.38,159,15.33,86.77,43417,13.06
KOMATSU HD785-7,Badge #,Operator,"Avg. Payload
(MT)",Loads,Standard Deviation,270655,"KHATOON (270655), RABINA",88.17,245,13.68,86.77,43417,13.06
KOMATSU HD785-7,Badge #,Operator,"Avg. Payload
(MT)",Loads,Standard Deviation,270656,"KHATOON (270656), NAZNEEN",89.07,279,13.11,86.77,43417,13.06
KOMATSU HD785-7,Badge #,Operator,"Avg. Payload
(MT)",Loads,Standard Deviation,270659,"SINGH (270659), VINITA",88.79,305,12.95,86.77,43417,13.06
KOMATSU HD785-7,Badge #,Operator,"Avg. Payload
(MT)",Loads,Standard Deviation,270663,"KUMARI (270663), PRIYA",84.96,254,13.96,86.77,43417,13.06
KOMATSU HD785-7,Badge #,Operator,"Avg. Payload
(MT)",Loads,Standard Deviation,270664,"DEVI (270664), DROPTI",85.99,260,9.12,86.77,43417,13.06
KOMATSU HD785-7,Badge #,Operator,"Avg. Payload
(MT)",Loads,Standard Deviation,270665,"SINGH (270665), SULOCHANA",82.58,158,13.18,86.77,43417,13.06
KOMATSU HD785-7,Badge #,Operator,"Avg. Payload
(MT)",Loads,Standard Deviation,270667,"KUMARI (270667), NISHA",88.81,227,10.37,86.77,43417,13.06
KOMATSU HD785-7,Badge #,Operator,"Avg. Payload
(MT)",Loads,Standard Deviation,270671,"SUMAN (270671), PHALGUNI",86.86,226,11.80,86.77,43417,13.06
KOMATSU HD785-7,Badge #,Operator,"Avg. Payload
(MT)",Loads,Standard Deviation,270672,"LAMA (270672), SANTOSHI",92.74,354,8.75,86.77,43417,13.06
KOMATSU HD785-7,Badge #,Operator,"Avg. Payload
(MT)",Loads,Standard Deviation,270673,"KUMARI (270673), KIRAN",84.32,215,11.64,86.77,43417,13.06
KOMATSU HD785-7,Badge #,Operator,"Avg. Payload
(MT)",Loads,Standard Deviation,270674,"KUMARI (270674), NANCY",90.74,148,11.20,86.77,43417,13.06
KOMATSU HD785-7,Badge #,Operator,"Avg. Payload
(MT)",Loads,Standard Deviation,270675,"KUMARI (270675), PRIYANKA",83.41,218,10.17,86.77,43417,13.06
KOMATSU HD785-7,Badge #,Operator,"Avg. Payload
(MT)",Loads,Standard Deviation,270677,"PRASAD (270677), PINKI",86.85,276,13.77,86.77,43417,13.06
KOMATSU HD785-7,Badge #,Operator,"Avg. Payload
(MT)",Loads,Standard Deviation,270678,"KUMARI (270678), DIVYA",85.17,198,15.91,86.77,43417,13.06
KOMATSU HD785-7,Badge #,Operator,"Avg. Payload
(MT)",Loads,Standard Deviation,270680,"TUDU (270680), ANITA",88.79,245,9.72,86.77,43417,13.06
KOMATSU HD785-7,Badge #,Operator,"Avg. Payload
(MT)",Loads,Standard Deviation,270682,"PARWEEN (270682), JARINA",76.84,133,14.42,86.77,43417,13.06
KOMATSU HD785-7,Badge #,Operator,"Avg. Payload
(MT)",Loads,Standard Deviation,270683,"KUMARI (270683), RUBY",82.78,272,14.86,86.77,43417,13.06
KOMATSU HD785-7,Badge #,Operator,"Avg. Payload
(MT)",Loads,Standard Deviation,270684,"KUMARI (270684), BHARTI",78.61,81,16.57,86.77,43417,13.06
KOMATSU HD785-7,Badge #,Operator,"Avg. Payload
(MT)",Loads,Standard Deviation,270685,"SINGH (270685), EKTA",89.09,335,10.11,86.77,43417,13.06
KOMATSU HD785-7,Badge #,Operator,"Avg. Payload
(MT)",Loads,Standard Deviation,270686,"KUMARI (270686), DOLLY",88.88,320,10.68,86.77,43417,13.06
KOMATSU HD785-7,Badge #,Operator,"Avg. Payload
(MT)",Loads,Standard Deviation,270693,"LAKRA (270693), JAGANNATH",77.61,27,17.47,86.77,43417,13.06
KOMATSU HD785-7,Badge #,Operator,"Avg. Payload
(MT)",Loads,Standard Deviation,270695,"PAUL (270695), PALLABI",86.78,68,13.88,86.77,43417,13.06
KOMATSU HD785-7,Badge #,Operator,"Avg. Payload
(MT)",Loads,Standard Deviation,270696,"SARKAR (270696), SOMU",76.86,232,11.61,86.77,43417,13.06
KOMATSU HD785-7,Badge #,Operator,"Avg. Payload
(MT)",Loads,Standard Deviation,270697,"BANERJEE (270697), SWETA",82.31,56,14.94,86.77,43417,13.06
KOMATSU HD785-7,Badge #,Operator,"Avg. Payload
(MT)",Loads,Standard Deviation,270698,"MALI (270698), KAMLESH",80.92,234,11.18,86.77,43417,13.06
KOMATSU HD785-7,Badge #,Operator,"Avg. Payload
(MT)",Loads,Standard Deviation,270701,"PARKHANDE (270701), S S",82.86,34,9.92,86.77,43417,13.06
KOMATSU HD785-7,Badge #,Operator,"Avg. Payload
(MT)",Loads,Standard Deviation,270703,"KUMAR (270703), ROHAN",64.13,3,21.83,86.77,43417,13.06
KOMATSU HD785-7,Badge #,Operator,"Avg. Payload
(MT)",Loads,Standard Deviation,270704,"KUMAR (270704), ABHISHEK",82.04,18,13.59,86.77,43417,13.06
KOMATSU HD785-7,Badge #,Operator,"Avg. Payload
(MT)",Loads,Standard Deviation,270707,"SAHANA (270707), DONA",79.09,163,14.39,86.77,43417,13.06
KOMATSU HD785-7,Badge #,Operator,"Avg. Payload
(MT)",Loads,Standard Deviation,270733,"LAKRA (270733), SHANTI",91.98,241,11.96,86.77,43417,13.06
KOMATSU HD785-7,Badge #,Operator,"Avg. Payload
(MT)",Loads,Standard Deviation,270737,"SINGH (270737), PARAMJEET",92.43,372,8.74,86.77,43417,13.06
KOMATSU HD785-7,Badge #,Operator,"Avg. Payload
(MT)",Loads,Standard Deviation,270738,"SHARMA (270738), RAVI SHANKAR",92.29,364,7.75,86.77,43417,13.06
KOMATSU HD785-7,Badge #,Operator,"Avg. Payload
(MT)",Loads,Standard Deviation,270739,"ASHOK (270739), AKULA",79.02,216,15.60,86.77,43417,13.06
KOMATSU HD785-7,Badge #,Operator,"Avg. Payload
(MT)",Loads,Standard Deviation,270740,"KUMAR (270740), RANJEET",78.68,232,14.92,86.77,43417,13.06
KOMATSU HD785-7,Badge #,Operator,"Avg. Payload
(MT)",Loads,Standard Deviation,270741,"(270741), MANJAY",93.56,224,9.06,86.77,43417,13.06
KOMATSU HD785-7,Badge #,Operator,"Avg. Payload
(MT)",Loads,Standard Deviation,270742,"RANJAN (270742), RANJIT",88.04,124,12.22,86.77,43417,13.06
KOMATSU HD785-7,Badge #,Operator,"Avg. Payload
(MT)",Loads,Standard Deviation,270743,"BAURI (270743), SANJEET KR.",80.96,101,13.45,86.77,43417,13.06
KOMATSU HD785-7,Badge #,Operator,"Avg. Payload
(MT)",Loads,Standard Deviation,270744,"SINGH (270744), SAURABH",92.95,239,10.39,86.77,43417,13.06
KOMATSU HD785-7,Badge #,Operator,"Avg. Payload
(MT)",Loads,Standard Deviation,270745,"PRAJAPATI (270745), JAY PRAKASH",92.96,565,7.67,86.77,43417,13.06
KOMATSU HD785-7,Badge #,Operator,"Avg. Payload
(MT)",Loads,Standard Deviation,270746,"MAHTO (270746), KALESHWAR KR.",92.65,271,10.13,86.77,43417,13.06
KOMATSU HD785-7,Badge #,Operator,"Avg. Payload
(MT)",Loads,Standard Deviation,270747,"YADAV (270747), PRAKASH",73.62,82,15.45,86.77,43417,13.06
KOMATSU HD785-7,Badge #,Operator,"Avg. Payload
(MT)",Loads,Standard Deviation,270748,"KHORA (270748), MANOJ KR.",79.54,48,10.07,86.77,43417,13.06
KOMATSU HD785-7,Badge #,Operator,"Avg. Payload
(MT)",Loads,Standard Deviation,270749,"YADAV (270749), MANOJ",86.86,85,13.26,86.77,43417,13.06
KOMATSU HD785-7,Badge #,Operator,"Avg. Payload
(MT)",Loads,Standard Deviation,270750,"JENA (270750), PRADEEP",91.68,378,9.35,86.77,43417,13.06
KOMATSU HD785-7,Badge #,Operator,"Avg. Payload
(MT)",Loads,Standard Deviation,270751,"MAHTO (270751), MANIJAR",93.16,119,10.99,86.77,43417,13.06
KOMATSU HD785-7,Badge #,Operator,"Avg. Payload
(MT)",Loads,Standard Deviation,270752,"PASWAN (270752), KRISHNA",89.15,327,9.95,86.77,43417,13.06
KOMATSU HD785-7,Badge #,Operator,"Avg. Payload
(MT)",Loads,Standard Deviation,270753,"TIWARI (270753), SWADHIN",95.64,200,8.16,86.77,43417,13.06
KOMATSU HD785-7,Badge #,Operator,"Avg. Payload
(MT)",Loads,Standard Deviation,270759,"KUMAR (270759), ABHAY",91.00,315,9.68,86.77,43417,13.06
KOMATSU HD785-7,Badge #,Operator,"Avg. Payload
(MT)",Loads,Standard Deviation,270762,"SATISH (270762), BIYYALA",91.37,365,9.12,86.77,43417,13.06
KOMATSU HD785-7,Badge #,Operator,"Avg. Payload
(MT)",Loads,Standard Deviation,270764,"CHANDKAUDI (270764), MAHESH",80.23,170,12.56,86.77,43417,13.06
KOMATSU HD785-7,Badge #,Operator,"Avg. Payload
(MT)",Loads,Standard Deviation,270765,"YADAV (270765), KEDAR",92.13,261,9.29,86.77,43417,13.06
KOMATSU HD785-7,Badge #,Operator,"Avg. Payload
(MT)",Loads,Standard Deviation,270766,"BANDI (270766), AMARENDR",88.66,281,12.13,86.77,43417,13.06
Caterpillar 773E,Badge #,Operator,"Avg. Payload
(MT)",Loads,Standard Deviation,267917,"MUNDA (267917), AMARDEEP",43.79,10,3.15,42.83,492,4.40
Caterpillar 773E,Badge #,Operator,"Avg. Payload
(MT)",Loads,Standard Deviation,269402,"KUMAR (269402), RAJU",45.29,8,2.72,42.83,492,4.40
Caterpillar 773E,Badge #,Operator,"Avg. Payload
(MT)",Loads,Standard Deviation,269926,"KUMAR (269926), SUNIL",40.89,13,3.04,42.83,492,4.40
Caterpillar 773E,Badge #,Operator,"Avg. Payload
(MT)",Loads,Standard Deviation,269981,"KUMAR (269981), JITENDRA",40.10,7,1.99,42.83,492,4.40
Caterpillar 773E,Badge #,Operator,"Avg. Payload
(MT)",Loads,Standard Deviation,270029,"ANSARI (270029), MD. JUBAIR",41.26,7,2.62,42.83,492,4.40
Caterpillar 773E,Badge #,Operator,"Avg. Payload
(MT)",Loads,Standard Deviation,270193,"SHARMA (270193), VED PRAKASH",42.78,12,3.51,42.83,492,4.40
Caterpillar 773E,Badge #,Operator,"Avg. Payload
(MT)",Loads,Standard Deviation,270590,"RAWAT (270590), SUNIL",45.09,21,4.71,42.83,492,4.40
Caterpillar 773E,Badge #,Operator,"Avg. Payload
(MT)",Loads,Standard Deviation,270591,"RANA (270591), JAI PRAKASH",43.61,18,3.85,42.83,492,4.40
Caterpillar 773E,Badge #,Operator,"Avg. Payload
(MT)",Loads,Standard Deviation,270593,"ANSARI (270593), MD MUMTAZ",42.01,21,4.02,42.83,492,4.40
Caterpillar 773E,Badge #,Operator,"Avg. Payload
(MT)",Loads,Standard Deviation,270594,"KUMAR (270594), RANJAN",46.37,12,2.64,42.83,492,4.40
Caterpillar 773E,Badge #,Operator,"Avg. Payload
(MT)",Loads,Standard Deviation,270596,"NAZIBUDDIN (270596), MD.",43.47,7,4.52,42.83,492,4.40
Caterpillar 773E,Badge #,Operator,"Avg. Payload
(MT)",Loads,Standard Deviation,270597,"ROY (270597), BAPPA",41.74,30,5.03,42.83,492,4.40
Caterpillar 773E,Badge #,Operator,"Avg. Payload
(MT)",Loads,Standard Deviation,270598,"SINGH (270598), DEEPAK KUMAR",42.49,119,4.97,42.83,492,4.40
Caterpillar 773E,Badge #,Operator,"Avg. Payload
(MT)",Loads,Standard Deviation,270599,"BHARDWAJ (270599), VIVEK",41.74,19,3.49,42.83,492,4.40
Caterpillar 773E,Badge #,Operator,"Avg. Payload
(MT)",Loads,Standard Deviation,270600,"UPADHAYAY (270600), AMIT KUMAR",44.16,84,3.94,42.83,492,4.40
Caterpillar 773E,Badge #,Operator,"Avg. Payload
(MT)",Loads,Standard Deviation,270601,"CHAUHAN (270601), RAM PYARE",40.17,11,4.36,42.83,492,4.40
Caterpillar 773E,Badge #,Operator,"Avg. Payload
(MT)",Loads,Standard Deviation,270602,"KUMAR (270602), SUNIL",41.95,11,3.50,42.83,492,4.40
Caterpillar 773E,Badge #,Operator,"Avg. Payload
(MT)",Loads,Standard Deviation,270603,"CHANDRA (270603), VISHWAS",43.57,12,3.52,42.83,492,4.40
Caterpillar 773E,Badge #,Operator,"Avg. Payload
(MT)",Loads,Standard Deviation,270605,"SAGAR (270605), BABA",42.59,12,4.69,42.83,492,4.40
Caterpillar 773E,Badge #,Operator,"Avg. Payload
(MT)",Loads,Standard Deviation,270606,"BHARDWAJ (270606), RAJIV",36.02,1,0.00,42.83,492,4.40
Caterpillar 773E,Badge #,Operator,"Avg. Payload
(MT)",Loads,Standard Deviation,270607,"ANSARI (270607), ZIBRAIL",44.29,6,3.96,42.83,492,4.40
Caterpillar 773E,Badge #,Operator,"Avg. Payload
(MT)",Loads,Standard Deviation,270608,"PANDEY (270608), DEEPAK",45.99,1,0.00,42.83,492,4.40
Caterpillar 773E,Badge #,Operator,"Avg. Payload
(MT)",Loads,Standard Deviation,270609,"KUMAR (270609), DILIP",39.66,16,2.70,42.83,492,4.40
Caterpillar 773E,Badge #,Operator,"Avg. Payload
(MT)",Loads,Standard Deviation,270611,"CHAUHAN (270611), ANGAD KUMAR",39.76,3,0.31,42.83,492,4.40
Caterpillar 773E,Badge #,Operator,"Avg. Payload
(MT)",Loads,Standard Deviation,270612,"SINGH (270612), ANAND KUMAR",43.49,25,3.97,42.83,492,4.40
Caterpillar 773E,Badge #,Operator,"Avg. Payload
(MT)",Loads,Standard Deviation,270614,"SINGH (270614), SUBODH KUMAR",40.90,6,3.18,42.83,492,4.40
Caterpillar 777E,Badge #,Operator,"Avg. Payload
(MT)",Loads,Standard Deviation,266808,"ANSARI (266808), MD. SABIR",78.15,11,7.36,81.80,3058,13.96
Caterpillar 777E,Badge #,Operator,"Avg. Payload
(MT)",Loads,Standard Deviation,266909,"KUJUR (266909), NIRDOSH",84.80,27,11.99,81.80,3058,13.96
Caterpillar 777E,Badge #,Operator,"Avg. Payload
(MT)",Loads,Standard Deviation,266958,"YADAV (266958), RAM NARAYAN",90.79,34,11.75,81.80,3058,13.96
Caterpillar 777E,Badge #,Operator,"Avg. Payload
(MT)",Loads,Standard Deviation,267166,"SAHU (267166), SAHDEO",82.48,50,12.95,81.80,3058,13.96
Caterpillar 777E,Badge #,Operator,"Avg. Payload
(MT)",Loads,Standard Deviation,267231,"RANA (267231), RAMESH",77.92,19,12.15,81.80,3058,13.96
Caterpillar 777E,Badge #,Operator,"Avg. Payload
(MT)",Loads,Standard Deviation,267314,"GHOSAL (267314), MILAN",86.21,67,10.74,81.80,3058,13.96
Caterpillar 777E,Badge #,Operator,"Avg. Payload
(MT)",Loads,Standard Deviation,267428,"YADAV (267428), MANOJ KUMAR",79.78,139,14.46,81.80,3058,13.96
Caterpillar 777E,Badge #,Operator,"Avg. Payload
(MT)",Loads,Standard Deviation,267621,"GANJHOO (267621), SUKAR",81.53,64,14.33,81.80,3058,13.96
Caterpillar 777E,Badge #,Operator,"Avg. Payload
(MT)",Loads,Standard Deviation,267658,"MAHTO (267658), PANKAJ",93.95,12,7.66,81.80,3058,13.96
Caterpillar 777E,Badge #,Operator,"Avg. Payload
(MT)",Loads,Standard Deviation,267695,"BAITHA (267695), MANOJ KUMAR",83.07,9,8.37,81.80,3058,13.96
Caterpillar 777E,Badge #,Operator,"Avg. Payload
(MT)",Loads,Standard Deviation,267729,"MANJHI (267729), SRIRAM",86.09,127,11.57,81.80,3058,13.96
Caterpillar 777E,Badge #,Operator,"Avg. Payload
(MT)",Loads,Standard Deviation,267734,"AKHTAR (267734), AZIM",85.35,53,12.46,81.80,3058,13.96
Caterpillar 777E,Badge #,Operator,"Avg. Payload
(MT)",Loads,Standard Deviation,267783,"GOPE (267783), SRIRAM",80.24,189,14.69,81.80,3058,13.96
Caterpillar 777E,Badge #,Operator,"Avg. Payload
(MT)",Loads,Standard Deviation,267857,"KHAN (267857), IMTEYAZ",90.62,119,13.64,81.80,3058,13.96
Caterpillar 777E,Badge #,Operator,"Avg. Payload
(MT)",Loads,Standard Deviation,267917,"MUNDA (267917), AMARDEEP",84.51,37,12.42,81.80,3058,13.96
Caterpillar 777E,Badge #,Operator,"Avg. Payload
(MT)",Loads,Standard Deviation,267936,"KUMAR (267936), MANOJ",86.83,25,14.56,81.80,3058,13.96
Caterpillar 777E,Badge #,Operator,"Avg. Payload
(MT)",Loads,Standard Deviation,267938,"ANSARI (267938), AZIMULLAH",80.10,2,14.90,81.80,3058,13.96
Caterpillar 777E,Badge #,Operator,"Avg. Payload
(MT)",Loads,Standard Deviation,268648,"THAKUR (268648), RAMESHWAR",79.25,71,11.78,81.80,3058,13.96
Caterpillar 777E,Badge #,Operator,"Avg. Payload
(MT)",Loads,Standard Deviation,268782,"MINZ (268782), ERNIUS",71.80,1,0.00,81.80,3058,13.96
Caterpillar 777E,Badge #,Operator,"Avg. Payload
(MT)",Loads,Standard Deviation,269023,"NARAYAN (269023), JAI PRAKASH",89.72,26,11.05,81.80,3058,13.96
Caterpillar 777E,Badge #,Operator,"Avg. Payload
(MT)",Loads,Standard Deviation,269106,"KUMAR (269106), DILIP",82.91,14,17.40,81.80,3058,13.96
Caterpillar 777E,Badge #,Operator,"Avg. Payload
(MT)",Loads,Standard Deviation,269122,"ANSARI (269122), RUSTAM",89.02,10,15.74,81.80,3058,13.96
Caterpillar 777E,Badge #,Operator,"Avg. Payload
(MT)",Loads,Standard Deviation,269141,"RAM (269141), GANGA",87.00,29,9.50,81.80,3058,13.96
Caterpillar 777E,Badge #,Operator,"Avg. Payload
(MT)",Loads,Standard Deviation,269144,"HUSSAIN (269144), MD. EJAZ",75.62,10,12.87,81.80,3058,13.96
Caterpillar 777E,Badge #,Operator,"Avg. Payload
(MT)",Loads,Standard Deviation,269155,"(269155), PARDESHI",87.15,54,17.19,81.80,3058,13.96
Caterpillar 777E,Badge #,Operator,"Avg. Payload
(MT)",Loads,Standard Deviation,269160,"HARI (269160), GOPAL",92.57,30,8.85,81.80,3058,13.96
Caterpillar 777E,Badge #,Operator,"Avg. Payload
(MT)",Loads,Standard Deviation,269192,"AHMED (269192), MD. JAMAL",85.36,145,11.71,81.80,3058,13.96
Caterpillar 777E,Badge #,Operator,"Avg. Payload
(MT)",Loads,Standard Deviation,269227,"BHAGAT (269227), KRISHNA",83.16,74,12.81,81.80,3058,13.96
Caterpillar 777E,Badge #,Operator,"Avg. Payload
(MT)",Loads,Standard Deviation,269239,"GANJHOO (269239), NAGESHWAR",62.07,9,4.57,81.80,3058,13.96
Caterpillar 777E,Badge #,Operator,"Avg. Payload
(MT)",Loads,Standard Deviation,269400,"SAHU (269400), RAM PRAKASH",76.00,144,12.40,81.80,3058,13.96
Caterpillar 777E,Badge #,Operator,"Avg. Payload
(MT)",Loads,Standard Deviation,269406,"RAM (269406), BIRBAL",89.83,10,4.21,81.80,3058,13.96
Caterpillar 777E,Badge #,Operator,"Avg. Payload
(MT)",Loads,Standard Deviation,269457,"SAHU (269457), CHHOTAN",75.62,23,16.69,81.80,3058,13.96
Caterpillar 777E,Badge #,Operator,"Avg. Payload
(MT)",Loads,Standard Deviation,269463,"HAKIM (269463), MD.",77.95,19,16.08,81.80,3058,13.96
Caterpillar 777E,Badge #,Operator,"Avg. Payload
(MT)",Loads,Standard Deviation,269497,"SAW (269497), MISHRI",70.96,31,12.40,81.80,3058,13.96
Caterpillar 777E,Badge #,Operator,"Avg. Payload
(MT)",Loads,Standard Deviation,269553,"PRASAD (269553), BIPIN BIHARI",73.27,10,12.08,81.80,3058,13.96
Caterpillar 777E,Badge #,Operator,"Avg. Payload
(MT)",Loads,Standard Deviation,269633,"PRASAD (269633), DEEPAK",78.38,51,12.10,81.80,3058,13.96
Caterpillar 777E,Badge #,Operator,"Avg. Payload
(MT)",Loads,Standard Deviation,269779,"BESRA (269779), FAGU",88.12,9,11.00,81.80,3058,13.96
Caterpillar 777E,Badge #,Operator,"Avg. Payload
(MT)",Loads,Standard Deviation,269831,"HODA (269831), EMAMUL",84.60,79,12.93,81.80,3058,13.96
Caterpillar 777E,Badge #,Operator,"Avg. Payload
(MT)",Loads,Standard Deviation,269946,"RAJAK (269946), RAKESH KUMAR",80.61,10,14.58,81.80,3058,13.96
Caterpillar 777E,Badge #,Operator,"Avg. Payload
(MT)",Loads,Standard Deviation,269948,"KUMAR (269948), ANUP",84.23,49,9.06,81.80,3058,13.96
Caterpillar 777E,Badge #,Operator,"Avg. Payload
(MT)",Loads,Standard Deviation,269981,"KUMAR (269981), JITENDRA",84.65,4,7.86,81.80,3058,13.96
Caterpillar 777E,Badge #,Operator,"Avg. Payload
(MT)",Loads,Standard Deviation,269993,"AKHTAR (269993), SHOAIB",86.42,48,9.00,81.80,3058,13.96
Caterpillar 777E,Badge #,Operator,"Avg. Payload
(MT)",Loads,Standard Deviation,269996,"ANSARI (269996), MD. ILIYAS",76.69,85,12.34,81.80,3058,13.96
Caterpillar 777E,Badge #,Operator,"Avg. Payload
(MT)",Loads,Standard Deviation,270029,"ANSARI (270029), MD. JUBAIR",87.89,44,10.47,81.80,3058,13.96
Caterpillar 777E,Badge #,Operator,"Avg. Payload
(MT)",Loads,Standard Deviation,270037,"ANSARI (270037), AMIR",86.27,26,8.63,81.80,3058,13.96
Caterpillar 777E,Badge #,Operator,"Avg. Payload
(MT)",Loads,Standard Deviation,270051,"MANJHI (270051), BINOD",88.00,15,8.73,81.80,3058,13.96
Caterpillar 777E,Badge #,Operator,"Avg. Payload
(MT)",Loads,Standard Deviation,270227,"KUMAR (270227), RAJAT",77.18,16,11.40,81.80,3058,13.96
Caterpillar 777E,Badge #,Operator,"Avg. Payload
(MT)",Loads,Standard Deviation,270229,"SINGH (270229), RAM",84.27,6,10.60,81.80,3058,13.96
Caterpillar 777E,Badge #,Operator,"Avg. Payload
(MT)",Loads,Standard Deviation,270240,"PASWAN (270240), AJIT KUMAR",87.27,9,14.40,81.80,3058,13.96
Caterpillar 777E,Badge #,Operator,"Avg. Payload
(MT)",Loads,Standard Deviation,270406,"KUMAR (270406), SIDHARTH",81.74,25,14.74,81.80,3058,13.96
Caterpillar 777E,Badge #,Operator,"Avg. Payload
(MT)",Loads,Standard Deviation,270573,"SUNDI (270573), FRANCIS",80.81,68,11.72,81.80,3058,13.96
Caterpillar 777E,Badge #,Operator,"Avg. Payload
(MT)",Loads,Standard Deviation,270574,"SINGH (270574), AASHI",67.59,82,15.85,81.80,3058,13.96
Caterpillar 777E,Badge #,Operator,"Avg. Payload
(MT)",Loads,Standard Deviation,270575,"DHAR (270575), RUDRANEEL",74.79,41,14.46,81.80,3058,13.96
Caterpillar 777E,Badge #,Operator,"Avg. Payload
(MT)",Loads,Standard Deviation,270576,"SINGH (270576), SUNNY",88.31,36,11.55,81.80,3058,13.96
Caterpillar 777E,Badge #,Operator,"Avg. Payload
(MT)",Loads,Standard Deviation,270577,"GOPE (270577), ANIT KUMAR",84.21,43,14.81,81.80,3058,13.96
Caterpillar 777E,Badge #,Operator,"Avg. Payload
(MT)",Loads,Standard Deviation,270582,"BISWAS (270582), SOUMYOSISH",82.41,16,10.61,81.80,3058,13.96
Caterpillar 777E,Badge #,Operator,"Avg. Payload
(MT)",Loads,Standard Deviation,270583,"GUPTA (270583), AYAN",84.08,57,12.19,81.80,3058,13.96
Caterpillar 777E,Badge #,Operator,"Avg. Payload
(MT)",Loads,Standard Deviation,270584,"(270584), SANDHYA",79.72,77,12.44,81.80,3058,13.96
Caterpillar 777E,Badge #,Operator,"Avg. Payload
(MT)",Loads,Standard Deviation,270585,"KUMARI (270585), SANGITA",82.52,62,10.80,81.80,3058,13.96
Caterpillar 777E,Badge #,Operator,"Avg. Payload
(MT)",Loads,Standard Deviation,270693,"LAKRA (270693), JAGANNATH",70.06,27,15.10,81.80,3058,13.96
Caterpillar 777E,Badge #,Operator,"Avg. Payload
(MT)",Loads,Standard Deviation,270695,"PAUL (270695), PALLABI",78.04,43,14.58,81.80,3058,13.96
Caterpillar 777E,Badge #,Operator,"Avg. Payload
(MT)",Loads,Standard Deviation,270697,"BANERJEE (270697), SWETA",83.10,20,12.95,81.80,3058,13.96
Caterpillar 777E,Badge #,Operator,"Avg. Payload
(MT)",Loads,Standard Deviation,270698,"MALI (270698), KAMLESH",97.93,4,6.58,81.80,3058,13.96
Caterpillar 777E,Badge #,Operator,"Avg. Payload
(MT)",Loads,Standard Deviation,270701,"PARKHANDE (270701), S S",80.20,57,15.91,81.80,3058,13.96
Caterpillar 777E,Badge #,Operator,"Avg. Payload
(MT)",Loads,Standard Deviation,270703,"KUMAR (270703), ROHAN",78.18,171,13.38,81.80,3058,13.96
Caterpillar 777E,Badge #,Operator,"Avg. Payload
(MT)",Loads,Standard Deviation,270704,"KUMAR (270704), ABHISHEK",78.89,84,14.39,81.80,3058,13.96
Caterpillar 777D SII,Badge #,Operator,"Avg. Payload
(MT)",Loads,Standard Deviation,266814,"HUSSAIN (266814), ARMAN",73.84,13,11.80,75.07,1266,13.63
Caterpillar 777D SII,Badge #,Operator,"Avg. Payload
(MT)",Loads,Standard Deviation,266910,"THAKUR (266910), BINOD KR.",68.47,15,11.61,75.07,1266,13.63
Caterpillar 777D SII,Badge #,Operator,"Avg. Payload
(MT)",Loads,Standard Deviation,267151,"YADAV (267151), NIRANJAN",74.99,3,12.43,75.07,1266,13.63
Caterpillar 777D SII,Badge #,Operator,"Avg. Payload
(MT)",Loads,Standard Deviation,267173,"YADAV (267173), KEDAR",90.74,16,4.07,75.07,1266,13.63
Caterpillar 777D SII,Badge #,Operator,"Avg. Payload
(MT)",Loads,Standard Deviation,267194,"SINGH (267194), DHARAM NATH",64.31,6,13.54,75.07,1266,13.63
Caterpillar 777D SII,Badge #,Operator,"Avg. Payload
(MT)",Loads,Standard Deviation,267256,"TIWARI (267256), AWADHESH KR.",82.10,26,13.03,75.07,1266,13.63
Caterpillar 777D SII,Badge #,Operator,"Avg. Payload
(MT)",Loads,Standard Deviation,267349,"SINGH (267349), RANDHIR KUMAR",93.16,16,5.57,75.07,1266,13.63
Caterpillar 777D SII,Badge #,Operator,"Avg. Payload
(MT)",Loads,Standard Deviation,267446,"PRASAD (267446), KISHUN",80.01,4,11.10,75.07,1266,13.63
Caterpillar 777D SII,Badge #,Operator,"Avg. Payload
(MT)",Loads,Standard Deviation,267531,"MAHTO (267531), SHIV KR.",57.58,6,3.85,75.07,1266,13.63
Caterpillar 777D SII,Badge #,Operator,"Avg. Payload
(MT)",Loads,Standard Deviation,267829,"RAM (267829), KHEM LAL",69.23,6,16.79,75.07,1266,13.63
Caterpillar 777D SII,Badge #,Operator,"Avg. Payload
(MT)",Loads,Standard Deviation,267889,"PRASAD (267889), RAM NARAYAN",77.69,36,8.91,75.07,1266,13.63
Caterpillar 777D SII,Badge #,Operator,"Avg. Payload
(MT)",Loads,Standard Deviation,267916,"YADAV (267916), SHRAWAN KR.",58.16,14,5.58,75.07,1266,13.63
Caterpillar 777D SII,Badge #,Operator,"Avg. Payload
(MT)",Loads,Standard Deviation,267954,"YADAV (267954), RAJ KR.",93.58,2,0.23,75.07,1266,13.63
Caterpillar 777D SII,Badge #,Operator,"Avg. Payload
(MT)",Loads,Standard Deviation,268555,"HEMBROM (268555), SANJUL",66.81,52,10.59,75.07,1266,13.63
Caterpillar 777D SII,Badge #,Operator,"Avg. Payload
(MT)",Loads,Standard Deviation,268751,"PRASAD (268751), PREM SAGAR",78.90,18,8.68,75.07,1266,13.63
Caterpillar 777D SII,Badge #,Operator,"Avg. Payload
(MT)",Loads,Standard Deviation,269014,"YADAV (269014), JAGDISH KR.",85.82,3,1.21,75.07,1266,13.63
Caterpillar 777D SII,Badge #,Operator,"Avg. Payload
(MT)",Loads,Standard Deviation,269052,"MANJHI (269052), BIRSA",57.80,6,2.83,75.07,1266,13.63
Caterpillar 777D SII,Badge #,Operator,"Avg. Payload
(MT)",Loads,Standard Deviation,269054,"YADAV (269054), LALAN KR.",76.13,80,14.93,75.07,1266,13.63
Caterpillar 777D SII,Badge #,Operator,"Avg. Payload
(MT)",Loads,Standard Deviation,269061,"SAHU (269061), GANGA",70.16,75,12.31,75.07,1266,13.63
Caterpillar 777D SII,Badge #,Operator,"Avg. Payload
(MT)",Loads,Standard Deviation,269188,"BIRUA (269188), SURENDRA NATH",58.39,6,5.29,75.07,1266,13.63
Caterpillar 777D SII,Badge #,Operator,"Avg. Payload
(MT)",Loads,Standard Deviation,269224,"CHATTAR (269224), SHASHI KANT",91.15,11,7.92,75.07,1266,13.63
Caterpillar 777D SII,Badge #,Operator,"Avg. Payload
(MT)",Loads,Standard Deviation,269248,"KUMAR (269248), DHARMENDRA",64.10,22,5.80,75.07,1266,13.63
Caterpillar 777D SII,Badge #,Operator,"Avg. Payload
(MT)",Loads,Standard Deviation,269335,"PRASAD (269335), SANOJ",71.67,1,0.00,75.07,1266,13.63
Caterpillar 777D SII,Badge #,Operator,"Avg. Payload
(MT)",Loads,Standard Deviation,269435,"SAW (269435), BIBHUTI",83.41,10,9.71,75.07,1266,13.63
Caterpillar 777D SII,Badge #,Operator,"Avg. Payload
(MT)",Loads,Standard Deviation,269965,"KUMAR (269965), ASHISH",81.73,36,11.82,75.07,1266,13.63
Caterpillar 777D SII,Badge #,Operator,"Avg. Payload
(MT)",Loads,Standard Deviation,270046,"KUMAR (270046), SANDEEP",69.78,26,10.56,75.07,1266,13.63
Caterpillar 777D SII,Badge #,Operator,"Avg. Payload
(MT)",Loads,Standard Deviation,270175,"CHOUDHARY (270175), AJAY KR.",83.82,23,9.68,75.07,1266,13.63
Caterpillar 777D SII,Badge #,Operator,"Avg. Payload
(MT)",Loads,Standard Deviation,270225,"KUMAR (270225), RAJU",85.98,43,8.95,75.07,1266,13.63
Caterpillar 777D SII,Badge #,Operator,"Avg. Payload
(MT)",Loads,Standard Deviation,270300,"RAM (270300), ROHIT KR.",64.27,8,7.90,75.07,1266,13.63
Caterpillar 777D SII,Badge #,Operator,"Avg. Payload
(MT)",Loads,Standard Deviation,270547,"SHARMA (270547), RAKHI",73.51,78,10.69,75.07,1266,13.63
Caterpillar 777D SII,Badge #,Operator,"Avg. Payload
(MT)",Loads,Standard Deviation,270549,"KUMARI (270549), RINKI",61.62,8,5.86,75.07,1266,13.63
Caterpillar 777D SII,Badge #,Operator,"Avg. Payload
(MT)",Loads,Standard Deviation,270550,"KUMARI (270550), REENA",69.63,11,8.29,75.07,1266,13.63
Caterpillar 777D SII,Badge #,Operator,"Avg. Payload
(MT)",Loads,Standard Deviation,270561,"KUMARI (270561), CHANDNI",76.98,40,15.97,75.07,1266,13.63
Caterpillar 777D SII,Badge #,Operator,"Avg. Payload
(MT)",Loads,Standard Deviation,270562,"KUMARI (270562), NIRMALA",89.91,24,9.05,75.07,1266,13.63
Caterpillar 777D SII,Badge #,Operator,"Avg. Payload
(MT)",Loads,Standard Deviation,270634,"KUMAR (270634), DURGESH",73.69,20,13.53,75.07,1266,13.63
Caterpillar 777D SII,Badge #,Operator,"Avg. Payload
(MT)",Loads,Standard Deviation,270637,"KUMAR (270637), SURAJ",83.58,20,14.26,75.07,1266,13.63
Caterpillar 777D SII,Badge #,Operator,"Avg. Payload
(MT)",Loads,Standard Deviation,270638,"BHARDWAJ (270638), AKASH",68.60,29,9.26,75.07,1266,13.63
Caterpillar 777D SII,Badge #,Operator,"Avg. Payload
(MT)",Loads,Standard Deviation,270639,"RANA (270639), MURARI",63.76,42,9.99,75.07,1266,13.63
Caterpillar 777D SII,Badge #,Operator,"Avg. Payload
(MT)",Loads,Standard Deviation,270640,"ANSARI (270640), ARMAN",88.89,11,7.21,75.07,1266,13.63
Caterpillar 777D SII,Badge #,Operator,"Avg. Payload
(MT)",Loads,Standard Deviation,270641,"ALAM (270641), MD. AFTAB",80.36,89,11.94,75.07,1266,13.63
Caterpillar 777D SII,Badge #,Operator,"Avg. Payload
(MT)",Loads,Standard Deviation,270642,"PANDEY (270642), RUPAK KR.",62.54,10,9.56,75.07,1266,13.63
Caterpillar 777D SII,Badge #,Operator,"Avg. Payload
(MT)",Loads,Standard Deviation,270645,"BHARADWAJ (270645), VIKASH",70.13,17,9.51,75.07,1266,13.63
Caterpillar 777D SII,Badge #,Operator,"Avg. Payload
(MT)",Loads,Standard Deviation,270646,"MAHTO (270646), NAVEEN KR.",54.79,1,0.00,75.07,1266,13.63
Caterpillar 777D SII,Badge #,Operator,"Avg. Payload
(MT)",Loads,Standard Deviation,270650,"SANDIL (270650), APURVA",80.68,65,11.21,75.07,1266,13.63
Caterpillar 777D SII,Badge #,Operator,"Avg. Payload
(MT)",Loads,Standard Deviation,270677,"PRASAD (270677), PINKI",65.80,6,7.05,75.07,1266,13.63
Caterpillar 777D SII,Badge #,Operator,"Avg. Payload
(MT)",Loads,Standard Deviation,270742,"RANJAN (270742), RANJIT",72.06,39,8.58,75.07,1266,13.63
Caterpillar 777D SII,Badge #,Operator,"Avg. Payload
(MT)",Loads,Standard Deviation,270743,"BAURI (270743), SANJEET KR.",68.54,55,10.81,75.07,1266,13.63
Caterpillar 777D SII,Badge #,Operator,"Avg. Payload
(MT)",Loads,Standard Deviation,270744,"SINGH (270744), SAURABH",76.93,6,9.99,75.07,1266,13.63
Caterpillar 777D SII,Badge #,Operator,"Avg. Payload
(MT)",Loads,Standard Deviation,270746,"MAHTO (270746), KALESHWAR KR.",83.24,9,5.15,75.07,1266,13.63
Caterpillar 777D SII,Badge #,Operator,"Avg. Payload
(MT)",Loads,Standard Deviation,270747,"YADAV (270747), PRAKASH",76.31,6,15.07,75.07,1266,13.63
Caterpillar 777D SII,Badge #,Operator,"Avg. Payload
(MT)",Loads,Standard Deviation,270748,"KHORA (270748), MANOJ KR.",73.65,37,14.21,75.07,1266,13.63
Caterpillar 777D SII,Badge #,Operator,"Avg. Payload
(MT)",Loads,Standard Deviation,270749,"YADAV (270749), MANOJ",75.61,10,9.84,75.07,1266,13.63
Caterpillar 777D SII,Badge #,Operator,"Avg. Payload
(MT)",Loads,Standard Deviation,270751,"MAHTO (270751), MANIJAR",70.56,46,13.24,75.07,1266,13.63
Caterpillar 777D SII,Badge #,Operator,"Avg. Payload
(MT)",Loads,Standard Deviation,270762,"SATISH (270762), BIYYALA",102.94,4,5.03,75.07,1266,13.63

