textbox1,textbox19,textbox20,textbox16,textbox17,textbox14,textbox12,textbox15,textbox13,textbox8,textbox9,textbox18,Textbox2,Textbox3
Productivity TKPH-TMPH by Fleet and Hauling Unit,Report Created On:,12-08-2026,Parameters:,Description:,Start Shift Date:,01-07-2026,End Shift Date:,31-07-2026,,,This report contains a spreadsheet showing the productivity of each hauling unit for the specified time period.  This report is grouped by fleet.,¹ Includes all time spent in statuses assigned to the [Truck Speed Productivity] status category.,* ( Quantity * (Empty Distance + Haul Distance) ) / Total Travel Time

FLEET_IDENT,Textbox39,Textbox40,Textbox41,Textbox42,Textbox11,Textbox34,Textbox47,EQUIP_IDENT,Textbox169,NUM_OF_LOADS,HAUL_DISTANCE,EMPTY_DISTANCE,Textbox6,Textbox7,QUANTITY_REPORTING,NUM_OF_LOADS1,HAUL_DISTANCE1,Textbox29,Textbox45,Textbox52
F01,Hauling Unit,Quantity (MT),Loads,Haul Distance(KM),Empty Distance(KM),Total Travel Time¹ (HR),Productivity TKPH* (MT • KM /HR),RD208,"83,832.35","1,009","1,730.67","2,580.68",475.53,"7,60,050.58","41,55,861.75","48,189","75,034.68","1,06,935.42","20,225.66","3,73,90,252.77"
F01,Hauling Unit,Quantity (MT),Loads,Haul Distance(KM),Empty Distance(KM),Total Travel Time¹ (HR),Productivity TKPH* (MT • KM /HR),RD209,"92,917.95","1,089","1,906.43","2,667.27",478.58,"8,87,998.14","41,55,861.75","48,189","75,034.68","1,06,935.42","20,225.66","3,73,90,252.77"
F01,Hauling Unit,Quantity (MT),Loads,Haul Distance(KM),Empty Distance(KM),Total Travel Time¹ (HR),Productivity TKPH* (MT • KM /HR),RD210,"31,630.95",392,596.54,851.06,170.06,"2,69,250.21","41,55,861.75","48,189","75,034.68","1,06,935.42","20,225.66","3,73,90,252.77"
F01,Hauling Unit,Quantity (MT),Loads,Haul Distance(KM),Empty Distance(KM),Total Travel Time¹ (HR),Productivity TKPH* (MT • KM /HR),RD211,"76,666.75",909,"1,589.79","2,264.90",440.22,"6,71,313.82","41,55,861.75","48,189","75,034.68","1,06,935.42","20,225.66","3,73,90,252.77"
F01,Hauling Unit,Quantity (MT),Loads,Haul Distance(KM),Empty Distance(KM),Total Travel Time¹ (HR),Productivity TKPH* (MT • KM /HR),RD212,"81,847.30","1,012","1,763.42","2,470.84",458.44,"7,55,953.95","41,55,861.75","48,189","75,034.68","1,06,935.42","20,225.66","3,73,90,252.77"
F01,Hauling Unit,Quantity (MT),Loads,Haul Distance(KM),Empty Distance(KM),Total Travel Time¹ (HR),Productivity TKPH* (MT • KM /HR),RD214,"47,502.35",581,"1,085.59","1,569.67",295.49,"4,26,856.15","41,55,861.75","48,189","75,034.68","1,06,935.42","20,225.66","3,73,90,252.77"
F01,Hauling Unit,Quantity (MT),Loads,Haul Distance(KM),Empty Distance(KM),Total Travel Time¹ (HR),Productivity TKPH* (MT • KM /HR),RD215,"90,198.45","1,075","1,855.01","2,686.25",491.51,"8,33,388.22","41,55,861.75","48,189","75,034.68","1,06,935.42","20,225.66","3,73,90,252.77"
F01,Hauling Unit,Quantity (MT),Loads,Haul Distance(KM),Empty Distance(KM),Total Travel Time¹ (HR),Productivity TKPH* (MT • KM /HR),RD216,"91,118.00","1,146","2,138.11","2,030.22",541.88,"7,00,917.38","41,55,861.75","48,189","75,034.68","1,06,935.42","20,225.66","3,73,90,252.77"
F01,Hauling Unit,Quantity (MT),Loads,Haul Distance(KM),Empty Distance(KM),Total Travel Time¹ (HR),Productivity TKPH* (MT • KM /HR),RD217,"89,893.90","1,063","1,906.81","2,720.33",498.62,"8,34,203.13","41,55,861.75","48,189","75,034.68","1,06,935.42","20,225.66","3,73,90,252.77"
F01,Hauling Unit,Quantity (MT),Loads,Haul Distance(KM),Empty Distance(KM),Total Travel Time¹ (HR),Productivity TKPH* (MT • KM /HR),RD218,"58,088.85",705,"1,263.98","1,861.42",348.57,"5,20,850.49","41,55,861.75","48,189","75,034.68","1,06,935.42","20,225.66","3,73,90,252.77"
F01,Hauling Unit,Quantity (MT),Loads,Haul Distance(KM),Empty Distance(KM),Total Travel Time¹ (HR),Productivity TKPH* (MT • KM /HR),RD219,"92,506.15","1,117","1,943.78","2,698.90",506.71,"8,47,572.57","41,55,861.75","48,189","75,034.68","1,06,935.42","20,225.66","3,73,90,252.77"
F01,Hauling Unit,Quantity (MT),Loads,Haul Distance(KM),Empty Distance(KM),Total Travel Time¹ (HR),Productivity TKPH* (MT • KM /HR),RD220,"74,256.80",905,"1,670.84","2,317.35",439.60,"6,73,675.44","41,55,861.75","48,189","75,034.68","1,06,935.42","20,225.66","3,73,90,252.77"
F01,Hauling Unit,Quantity (MT),Loads,Haul Distance(KM),Empty Distance(KM),Total Travel Time¹ (HR),Productivity TKPH* (MT • KM /HR),RD221,"91,792.55","1,080","1,897.57","2,682.68",480.96,"8,74,150.70","41,55,861.75","48,189","75,034.68","1,06,935.42","20,225.66","3,73,90,252.77"
F01,Hauling Unit,Quantity (MT),Loads,Haul Distance(KM),Empty Distance(KM),Total Travel Time¹ (HR),Productivity TKPH* (MT • KM /HR),RD222,"78,980.25","1,037","1,900.38","2,635.75",498.25,"7,19,047.57","41,55,861.75","48,189","75,034.68","1,06,935.42","20,225.66","3,73,90,252.77"
F01,Hauling Unit,Quantity (MT),Loads,Haul Distance(KM),Empty Distance(KM),Total Travel Time¹ (HR),Productivity TKPH* (MT • KM /HR),RD223,"75,617.00",913,"1,648.12","2,403.63",443.72,"6,90,481.77","41,55,861.75","48,189","75,034.68","1,06,935.42","20,225.66","3,73,90,252.77"
F01,Hauling Unit,Quantity (MT),Loads,Haul Distance(KM),Empty Distance(KM),Total Travel Time¹ (HR),Productivity TKPH* (MT • KM /HR),RD224,"90,431.25","1,111","1,894.95","2,870.02",491.88,"8,76,037.63","41,55,861.75","48,189","75,034.68","1,06,935.42","20,225.66","3,73,90,252.77"
F01,Hauling Unit,Quantity (MT),Loads,Haul Distance(KM),Empty Distance(KM),Total Travel Time¹ (HR),Productivity TKPH* (MT • KM /HR),RD225,"79,512.25",968,"1,746.66","2,398.40",440.42,"7,48,341.53","41,55,861.75","48,189","75,034.68","1,06,935.42","20,225.66","3,73,90,252.77"
F01,Hauling Unit,Quantity (MT),Loads,Haul Distance(KM),Empty Distance(KM),Total Travel Time¹ (HR),Productivity TKPH* (MT • KM /HR),RD226,"60,292.75",831,"2,394.32","2,777.07",490.22,"6,36,040.15","41,55,861.75","48,189","75,034.68","1,06,935.42","20,225.66","3,73,90,252.77"
F01,Hauling Unit,Quantity (MT),Loads,Haul Distance(KM),Empty Distance(KM),Total Travel Time¹ (HR),Productivity TKPH* (MT • KM /HR),RD227,"60,951.70",776,"1,547.98","1,951.88",390.22,"5,46,671.24","41,55,861.75","48,189","75,034.68","1,06,935.42","20,225.66","3,73,90,252.77"
F01,Hauling Unit,Quantity (MT),Loads,Haul Distance(KM),Empty Distance(KM),Total Travel Time¹ (HR),Productivity TKPH* (MT • KM /HR),RD228,"90,163.70","1,055","1,791.30","2,412.56",470.23,"8,06,063.56","41,55,861.75","48,189","75,034.68","1,06,935.42","20,225.66","3,73,90,252.77"
F01,Hauling Unit,Quantity (MT),Loads,Haul Distance(KM),Empty Distance(KM),Total Travel Time¹ (HR),Productivity TKPH* (MT • KM /HR),RD229,"93,602.00","1,050","1,530.72","2,135.67",409.90,"8,37,242.80","41,55,861.75","48,189","75,034.68","1,06,935.42","20,225.66","3,73,90,252.77"
F01,Hauling Unit,Quantity (MT),Loads,Haul Distance(KM),Empty Distance(KM),Total Travel Time¹ (HR),Productivity TKPH* (MT • KM /HR),RD230,"95,761.85","1,136","1,916.12","2,601.07",503.75,"8,58,702.69","41,55,861.75","48,189","75,034.68","1,06,935.42","20,225.66","3,73,90,252.77"
F01,Hauling Unit,Quantity (MT),Loads,Haul Distance(KM),Empty Distance(KM),Total Travel Time¹ (HR),Productivity TKPH* (MT • KM /HR),RD231,"90,554.50","1,057","1,606.19","2,489.75",463.02,"8,01,053.63","41,55,861.75","48,189","75,034.68","1,06,935.42","20,225.66","3,73,90,252.77"
F01,Hauling Unit,Quantity (MT),Loads,Haul Distance(KM),Empty Distance(KM),Total Travel Time¹ (HR),Productivity TKPH* (MT • KM /HR),RD232,"1,34,651.10","1,476","1,896.74","2,728.48",520.01,"11,97,642.51","41,55,861.75","48,189","75,034.68","1,06,935.42","20,225.66","3,73,90,252.77"
F01,Hauling Unit,Quantity (MT),Loads,Haul Distance(KM),Empty Distance(KM),Total Travel Time¹ (HR),Productivity TKPH* (MT • KM /HR),RD233,"1,06,170.35","1,210","1,651.84","2,422.33",462.91,"9,34,424.89","41,55,861.75","48,189","75,034.68","1,06,935.42","20,225.66","3,73,90,252.77"
F01,Hauling Unit,Quantity (MT),Loads,Haul Distance(KM),Empty Distance(KM),Total Travel Time¹ (HR),Productivity TKPH* (MT • KM /HR),RD234,"86,897.95","1,014","1,506.97","2,200.02",396.97,"8,11,469.47","41,55,861.75","48,189","75,034.68","1,06,935.42","20,225.66","3,73,90,252.77"
F01,Hauling Unit,Quantity (MT),Loads,Haul Distance(KM),Empty Distance(KM),Total Travel Time¹ (HR),Productivity TKPH* (MT • KM /HR),RD235,"1,33,029.35","1,473","1,733.34","2,890.35",527.92,"11,65,122.04","41,55,861.75","48,189","75,034.68","1,06,935.42","20,225.66","3,73,90,252.77"
F01,Hauling Unit,Quantity (MT),Loads,Haul Distance(KM),Empty Distance(KM),Total Travel Time¹ (HR),Productivity TKPH* (MT • KM /HR),RD236,"1,10,112.35","1,249","1,576.27","2,349.08",445.85,"9,69,448.77","41,55,861.75","48,189","75,034.68","1,06,935.42","20,225.66","3,73,90,252.77"
F01,Hauling Unit,Quantity (MT),Loads,Haul Distance(KM),Empty Distance(KM),Total Travel Time¹ (HR),Productivity TKPH* (MT • KM /HR),RD237,"1,11,199.70","1,275","1,598.47","2,606.77",482.71,"9,68,736.21","41,55,861.75","48,189","75,034.68","1,06,935.42","20,225.66","3,73,90,252.77"
F01,Hauling Unit,Quantity (MT),Loads,Haul Distance(KM),Empty Distance(KM),Total Travel Time¹ (HR),Productivity TKPH* (MT • KM /HR),RD238,"1,04,793.75","1,195","1,725.66","2,470.42",497.25,"8,84,303.83","41,55,861.75","48,189","75,034.68","1,06,935.42","20,225.66","3,73,90,252.77"
F01,Hauling Unit,Quantity (MT),Loads,Haul Distance(KM),Empty Distance(KM),Total Travel Time¹ (HR),Productivity TKPH* (MT • KM /HR),RD239,"79,618.95",898,"1,292.52","1,937.79",357.07,"7,20,290.18","41,55,861.75","48,189","75,034.68","1,06,935.42","20,225.66","3,73,90,252.77"
F01,Hauling Unit,Quantity (MT),Loads,Haul Distance(KM),Empty Distance(KM),Total Travel Time¹ (HR),Productivity TKPH* (MT • KM /HR),RD240,"1,05,232.25","1,205","1,743.66","2,544.39",479.88,"9,40,317.80","41,55,861.75","48,189","75,034.68","1,06,935.42","20,225.66","3,73,90,252.77"
F01,Hauling Unit,Quantity (MT),Loads,Haul Distance(KM),Empty Distance(KM),Total Travel Time¹ (HR),Productivity TKPH* (MT • KM /HR),RD241,"1,10,044.30","1,247","1,826.80","2,568.68",500.36,"9,66,707.10","41,55,861.75","48,189","75,034.68","1,06,935.42","20,225.66","3,73,90,252.77"
F01,Hauling Unit,Quantity (MT),Loads,Haul Distance(KM),Empty Distance(KM),Total Travel Time¹ (HR),Productivity TKPH* (MT • KM /HR),RD242,"1,11,069.80","1,238","1,740.37","2,454.73",461.31,"10,10,061.87","41,55,861.75","48,189","75,034.68","1,06,935.42","20,225.66","3,73,90,252.77"
F01,Hauling Unit,Quantity (MT),Loads,Haul Distance(KM),Empty Distance(KM),Total Travel Time¹ (HR),Productivity TKPH* (MT • KM /HR),RD243,"1,09,785.80","1,209","1,689.84","2,688.66",481.03,"9,99,305.61","41,55,861.75","48,189","75,034.68","1,06,935.42","20,225.66","3,73,90,252.77"
F01,Hauling Unit,Quantity (MT),Loads,Haul Distance(KM),Empty Distance(KM),Total Travel Time¹ (HR),Productivity TKPH* (MT • KM /HR),RD244,"1,13,826.05","1,281","1,703.76","2,387.43",481.08,"9,67,995.57","41,55,861.75","48,189","75,034.68","1,06,935.42","20,225.66","3,73,90,252.77"
F01,Hauling Unit,Quantity (MT),Loads,Haul Distance(KM),Empty Distance(KM),Total Travel Time¹ (HR),Productivity TKPH* (MT • KM /HR),RD245,"1,15,118.60","1,316","1,887.17","2,651.94",501.87,"10,41,181.48","41,55,861.75","48,189","75,034.68","1,06,935.42","20,225.66","3,73,90,252.77"
F01,Hauling Unit,Quantity (MT),Loads,Haul Distance(KM),Empty Distance(KM),Total Travel Time¹ (HR),Productivity TKPH* (MT • KM /HR),RD246,"64,829.30",708,867.57,"1,413.27",283.40,"5,21,759.31","41,55,861.75","48,189","75,034.68","1,06,935.42","20,225.66","3,73,90,252.77"
F01,Hauling Unit,Quantity (MT),Loads,Haul Distance(KM),Empty Distance(KM),Total Travel Time¹ (HR),Productivity TKPH* (MT • KM /HR),RD247,"1,09,512.35","1,196","1,497.01","2,133.73",401.37,"9,90,630.32","41,55,861.75","48,189","75,034.68","1,06,935.42","20,225.66","3,73,90,252.77"
F01,Hauling Unit,Quantity (MT),Loads,Haul Distance(KM),Empty Distance(KM),Total Travel Time¹ (HR),Productivity TKPH* (MT • KM /HR),RD248,"1,17,915.75","1,300","1,718.50","2,552.64",502.66,"10,01,945.45","41,55,861.75","48,189","75,034.68","1,06,935.42","20,225.66","3,73,90,252.77"
F01,Hauling Unit,Quantity (MT),Loads,Haul Distance(KM),Empty Distance(KM),Total Travel Time¹ (HR),Productivity TKPH* (MT • KM /HR),RD249,"97,716.95","1,063","1,539.99","2,243.56",414.88,"8,91,135.88","41,55,861.75","48,189","75,034.68","1,06,935.42","20,225.66","3,73,90,252.77"
F01,Hauling Unit,Quantity (MT),Loads,Haul Distance(KM),Empty Distance(KM),Total Travel Time¹ (HR),Productivity TKPH* (MT • KM /HR),RD250,"95,105.10","1,041","1,324.26","2,147.15",403.88,"8,17,449.77","41,55,861.75","48,189","75,034.68","1,06,935.42","20,225.66","3,73,90,252.77"
F01,Hauling Unit,Quantity (MT),Loads,Haul Distance(KM),Empty Distance(KM),Total Travel Time¹ (HR),Productivity TKPH* (MT • KM /HR),RD251,"1,09,554.40","1,210","1,676.02","2,488.47",478.45,"9,53,569.20","41,55,861.75","48,189","75,034.68","1,06,935.42","20,225.66","3,73,90,252.77"
F01,Hauling Unit,Quantity (MT),Loads,Haul Distance(KM),Empty Distance(KM),Total Travel Time¹ (HR),Productivity TKPH* (MT • KM /HR),RD252,"1,05,624.15","1,197","1,720.71","2,471.72",453.86,"9,75,688.29","41,55,861.75","48,189","75,034.68","1,06,935.42","20,225.66","3,73,90,252.77"
F01,Hauling Unit,Quantity (MT),Loads,Haul Distance(KM),Empty Distance(KM),Total Travel Time¹ (HR),Productivity TKPH* (MT • KM /HR),RD253,"1,05,933.85","1,171","1,791.94","2,506.43",463.16,"9,83,116.70","41,55,861.75","48,189","75,034.68","1,06,935.42","20,225.66","3,73,90,252.77"
F02,Hauling Unit,Quantity (MT),Loads,Haul Distance(KM),Empty Distance(KM),Total Travel Time¹ (HR),Productivity TKPH* (MT • KM /HR),RD2KC1,"12,194.28",455,600.43,685.96,163.43,"95,986.46","1,17,624.58","4,151","5,803.89","6,555.46","1,652.14","8,79,926.33"
F02,Hauling Unit,Quantity (MT),Loads,Haul Distance(KM),Empty Distance(KM),Total Travel Time¹ (HR),Productivity TKPH* (MT • KM /HR),RD2KC2,"9,002.04",350,521.31,549.99,142.82,"67,525.29","1,17,624.58","4,151","5,803.89","6,555.46","1,652.14","8,79,926.33"
F02,Hauling Unit,Quantity (MT),Loads,Haul Distance(KM),Empty Distance(KM),Total Travel Time¹ (HR),Productivity TKPH* (MT • KM /HR),RD2KC3,"6,310.89",157,261.14,297.64,78.40,"44,981.42","1,17,624.58","4,151","5,803.89","6,555.46","1,652.14","8,79,926.33"
F02,Hauling Unit,Quantity (MT),Loads,Haul Distance(KM),Empty Distance(KM),Total Travel Time¹ (HR),Productivity TKPH* (MT • KM /HR),RD2KC4,271.26,11,12.51,17.97,8.03,"1,030.08","1,17,624.58","4,151","5,803.89","6,555.46","1,652.14","8,79,926.33"
F02,Hauling Unit,Quantity (MT),Loads,Haul Distance(KM),Empty Distance(KM),Total Travel Time¹ (HR),Productivity TKPH* (MT • KM /HR),RD2KC5,"17,184.40",428,638.82,731.51,191.36,"1,23,059.65","1,17,624.58","4,151","5,803.89","6,555.46","1,652.14","8,79,926.33"
F02,Hauling Unit,Quantity (MT),Loads,Haul Distance(KM),Empty Distance(KM),Total Travel Time¹ (HR),Productivity TKPH* (MT • KM /HR),RD2KC6,0.00,0,0.00,0.00,0.00,0.00,"1,17,624.58","4,151","5,803.89","6,555.46","1,652.14","8,79,926.33"
F02,Hauling Unit,Quantity (MT),Loads,Haul Distance(KM),Empty Distance(KM),Total Travel Time¹ (HR),Productivity TKPH* (MT • KM /HR),RDO01,"17,140.65",649,"1,020.65","1,182.46",261.10,"1,44,627.44","1,17,624.58","4,151","5,803.89","6,555.46","1,652.14","8,79,926.33"
F02,Hauling Unit,Quantity (MT),Loads,Haul Distance(KM),Empty Distance(KM),Total Travel Time¹ (HR),Productivity TKPH* (MT • KM /HR),RDO02,"26,868.93","1,004","1,338.75","1,377.25",384.39,"1,89,848.02","1,17,624.58","4,151","5,803.89","6,555.46","1,652.14","8,79,926.33"
F02,Hauling Unit,Quantity (MT),Loads,Haul Distance(KM),Empty Distance(KM),Total Travel Time¹ (HR),Productivity TKPH* (MT • KM /HR),RDO03,"26,461.80","1,011","1,322.50","1,529.74",372.39,"2,02,679.71","1,17,624.58","4,151","5,803.89","6,555.46","1,652.14","8,79,926.33"
F02,Hauling Unit,Quantity (MT),Loads,Haul Distance(KM),Empty Distance(KM),Total Travel Time¹ (HR),Productivity TKPH* (MT • KM /HR),RDO04,"2,190.33",86,87.78,182.94,50.24,"11,803.67","1,17,624.58","4,151","5,803.89","6,555.46","1,652.14","8,79,926.33"
F03,Hauling Unit,Quantity (MT),Loads,Haul Distance(KM),Empty Distance(KM),Total Travel Time¹ (HR),Productivity TKPH* (MT • KM /HR),RD201,"49,147.65",604,"1,180.45","1,674.17",323.61,"4,33,534.07","4,73,557.55","5,739","10,535.87","15,192.85","2,863.87","42,54,397.32"
F03,Hauling Unit,Quantity (MT),Loads,Haul Distance(KM),Empty Distance(KM),Total Travel Time¹ (HR),Productivity TKPH* (MT • KM /HR),RD202,"66,076.85",799,"1,510.09","2,207.52",407.91,"6,02,210.27","4,73,557.55","5,739","10,535.87","15,192.85","2,863.87","42,54,397.32"
F03,Hauling Unit,Quantity (MT),Loads,Haul Distance(KM),Empty Distance(KM),Total Travel Time¹ (HR),Productivity TKPH* (MT • KM /HR),RD203,"78,262.80",944,"1,849.71","2,391.91",453.46,"7,32,060.45","4,73,557.55","5,739","10,535.87","15,192.85","2,863.87","42,54,397.32"
F03,Hauling Unit,Quantity (MT),Loads,Haul Distance(KM),Empty Distance(KM),Total Travel Time¹ (HR),Productivity TKPH* (MT • KM /HR),RD204,"65,709.25",843,"1,601.48","2,219.28",436.14,"5,75,639.45","4,73,557.55","5,739","10,535.87","15,192.85","2,863.87","42,54,397.32"
F03,Hauling Unit,Quantity (MT),Loads,Haul Distance(KM),Empty Distance(KM),Total Travel Time¹ (HR),Productivity TKPH* (MT • KM /HR),RD205,"59,870.65",695,"1,173.03","1,886.04",347.58,"5,26,928.27","4,73,557.55","5,739","10,535.87","15,192.85","2,863.87","42,54,397.32"
F03,Hauling Unit,Quantity (MT),Loads,Haul Distance(KM),Empty Distance(KM),Total Travel Time¹ (HR),Productivity TKPH* (MT • KM /HR),RD206,"76,955.55",952,"1,670.11","2,343.56",466.25,"6,62,464.30","4,73,557.55","5,739","10,535.87","15,192.85","2,863.87","42,54,397.32"
F03,Hauling Unit,Quantity (MT),Loads,Haul Distance(KM),Empty Distance(KM),Total Travel Time¹ (HR),Productivity TKPH* (MT • KM /HR),RD207,"77,534.80",902,"1,551.01","2,470.37",428.91,"7,26,944.44","4,73,557.55","5,739","10,535.87","15,192.85","2,863.87","42,54,397.32"
F04,Hauling Unit,Quantity (MT),Loads,Haul Distance(KM),Empty Distance(KM),Total Travel Time¹ (HR),Productivity TKPH* (MT • KM /HR),RD121,"41,470.53",563,"1,204.55","1,584.46",320.52,"3,60,858.08","1,56,231.74","2,207","5,480.53","6,739.97","1,420.83","13,43,742.37"
F04,Hauling Unit,Quantity (MT),Loads,Haul Distance(KM),Empty Distance(KM),Total Travel Time¹ (HR),Productivity TKPH* (MT • KM /HR),RD122,"12,509.00",166,308.15,550.81,110.01,"97,666.91","1,56,231.74","2,207","5,480.53","6,739.97","1,420.83","13,43,742.37"
F04,Hauling Unit,Quantity (MT),Loads,Haul Distance(KM),Empty Distance(KM),Total Travel Time¹ (HR),Productivity TKPH* (MT • KM /HR),RD123,"3,908.84",63,72.24,122.66,48.04,"15,856.70","1,56,231.74","2,207","5,480.53","6,739.97","1,420.83","13,43,742.37"
F04,Hauling Unit,Quantity (MT),Loads,Haul Distance(KM),Empty Distance(KM),Total Travel Time¹ (HR),Productivity TKPH* (MT • KM /HR),RD126,"23,055.12",311,999.66,"1,113.39",229.92,"2,11,881.54","1,56,231.74","2,207","5,480.53","6,739.97","1,420.83","13,43,742.37"
F04,Hauling Unit,Quantity (MT),Loads,Haul Distance(KM),Empty Distance(KM),Total Travel Time¹ (HR),Productivity TKPH* (MT • KM /HR),RD132,"18,317.69",240,506.74,677.67,137.46,"1,57,835.41","1,56,231.74","2,207","5,480.53","6,739.97","1,420.83","13,43,742.37"
F04,Hauling Unit,Quantity (MT),Loads,Haul Distance(KM),Empty Distance(KM),Total Travel Time¹ (HR),Productivity TKPH* (MT • KM /HR),RD136,"1,487.80",23,46.58,76.28,21.13,"8,650.78","1,56,231.74","2,207","5,480.53","6,739.97","1,420.83","13,43,742.37"
F04,Hauling Unit,Quantity (MT),Loads,Haul Distance(KM),Empty Distance(KM),Total Travel Time¹ (HR),Productivity TKPH* (MT • KM /HR),RD141,"36,909.31",572,"1,655.14","1,937.01",371.77,"3,56,628.24","1,56,231.74","2,207","5,480.53","6,739.97","1,420.83","13,43,742.37"
F04,Hauling Unit,Quantity (MT),Loads,Haul Distance(KM),Empty Distance(KM),Total Travel Time¹ (HR),Productivity TKPH* (MT • KM /HR),RD143,"18,573.45",269,687.49,677.69,181.97,"1,39,338.92","1,56,231.74","2,207","5,480.53","6,739.97","1,420.83","13,43,742.37"

